-1.456118822097778320e-01,4.580129086971282959e-01,4.617719948291778564e-01,3.804821252822875977e+00,5.485562235116958618e-02,8.039515465497970581e-02,-7.642642408609390259e-02,-3.405521392822265625e+00,-4.061885923147201538e-02,-5.471811294555664062e+00,-1.275024414062500000e+00,-2.857498452067375183e-02,-1.406340122222900391e+01,-1.115396618843078613e-01,1.036774754524230957e+00,1.823419094085693359e+00,-1.596280336380004883e+00,1.174465060234069824e+00,-1.109307408332824707e-01,-1.356204152107238770e-01,3.325226783752441406e+00,8.732793480157852173e-02,4.566471278667449951e-02,2.026953220367431641e+00,2.726346731185913086e+00,1.390446871519088745e-01,-5.325587466359138489e-02,-6.450776457786560059e-01,-1.894279718399047852e-01,7.832298874855041504e-01,-1.269586384296417236e-01,-1.786247640848159790e-01,-8.189843893051147461e-01,-2.357136011123657227e+00,8.411672711372375488e-01,-1.973637044429779053e-01,1.359520792961120605e+00,4.843862727284431458e-02,-1.261361539363861084e-01,2.156470775604248047e+00,-4.658042430877685547e+00,2.221949547529220581e-01,1.056281030178070068e-01,2.002676725387573242e+00,-5.096833229064941406e+00,-1.167137145996093750e+00,-1.246418580412864685e-01,-1.087998598814010620e-02,-2.716286182403564453e-01,-2.728873014450073242e+00,-4.467805385589599609e+00,-1.541225075721740723e+00,-4.217885434627532959e-01,2.777505517005920410e-01,-3.954894095659255981e-02,1.827352643013000488e+00,1.832509785890579224e-01,-1.348400473594665527e+00,-9.826925396919250488e-01,-2.288723707199096680e+00,-4.666858017444610596e-01,2.941976785659790039e+00,4.295160528272390366e-03,8.092830330133438110e-02
-1.588331311941146851e-01,-2.185712337493896484e+00,-6.423938870429992676e-01,-1.528696417808532715e+00,-1.936275362968444824e-01,1.573745608329772949e-01,-1.234715059399604797e-01,-3.311657905578613281e+00,1.926975846290588379e-01,3.569365262985229492e+00,8.772608041763305664e-01,1.772671192884445190e-01,3.485501110553741455e-01,-1.982366442680358887e-01,3.120014667510986328e+00,9.654669165611267090e-01,3.345994710922241211e+00,5.531342506408691406e+00,-7.140324264764785767e-02,-1.094281435012817383e+00,1.366166710853576660e+00,-1.062559708952903748e-01,-5.283828824758529663e-02,-9.128739237785339355e-01,-9.047511219978332520e-01,-2.021622359752655029e-01,-7.791734486818313599e-02,-2.453229576349258423e-01,-2.179574668407440186e-01,7.951879501342773438e-01,-2.753810644149780273e+00,-2.342655807733535767e-01,7.386361360549926758e-01,4.298990726470947266e+00,-1.183838605880737305e+00,-1.735468357801437378e-01,-5.971832871437072754e-01,-1.167544573545455933e-01,9.701985120773315430e-02,1.060019254684448242e+00,-1.978604555130004883e+00,-2.426388859748840332e-02,-1.252636611461639404e-01,-1.164236354827880859e+01,-3.638864457607269287e-01,-1.826494574546813965e+00,-7.270189762115478516e+00,-2.241946309804916382e-01,-1.132364720106124878e-01,4.230477333068847656e+00,1.692454934120178223e+00,6.218242645263671875e-01,3.121267557144165039e-01,1.750425696372985840e+00,-9.519118070602416992e-02,-7.804338335990905762e-01,-7.255507260560989380e-02,4.660737887024879456e-02,2.145949602127075195e+00,-2.715887069702148438e+00,6.777479648590087891e+00,-4.998117387294769287e-01,-1.596504896879196167e-01,-1.059479117393493652e-01
-1.039997190237045288e-01,-9.794606208801269531e+00,1.194169282913208008e+00,-6.127692461013793945e-01,-1.597861945629119873e-02,8.568299002945423126e-03,-8.223489858210086823e-03,-6.702804565429687500e-01,3.426256403326988220e-02,3.819271922111511230e-01,-1.146915793418884277e+00,-3.641375601291656494e-01,2.115781307220458984e+00,3.687680512666702271e-02,-1.015666842460632324e+00,-3.942460775375366211e+00,-4.373927116394042969e+00,1.048949360847473145e+00,5.715895071625709534e-02,-4.053024947643280029e-01,-6.286568164825439453e+00,-1.194486469030380249e-01,-1.275666207075119019e-01,-1.731816887855529785e+00,-3.020268380641937256e-01,8.000928908586502075e-02,-1.589398980140686035e-01,5.375817418098449707e-01,-5.545918345451354980e-01,-2.331765174865722656e+00,-3.134949207305908203e+00,1.624806411564350128e-02,-4.902432262897491455e-01,-3.073499798774719238e-01,-7.884987592697143555e-01,-1.469317078590393066e-01,-1.790803551673889160e+00,5.368405953049659729e-02,-1.730102151632308960e-01,-1.259867763519287109e+01,-4.713172614574432373e-01,-2.423964142799377441e-01,-1.116269305348396301e-01,-1.300655722618103027e+00,-1.654894202947616577e-01,-1.601709485054016113e+00,-6.582663655281066895e-01,3.675528988242149353e-02,-7.506783008575439453e+00,7.796049118041992188e-02,-2.532361030578613281e+00,2.304731756448745728e-01,7.247696816921234131e-02,-2.145201921463012695e+00,-1.318240314722061157e-01,1.220678091049194336e+00,6.796976178884506226e-02,-1.545517802238464355e+00,1.238499283790588379e+00,1.486817836761474609e+00,-3.682219684123992920e-01,-2.093494653701782227e+00,-2.593227028846740723e-01,-3.008914887905120850e-01
1.098886281251907349e-01,1.608349919319152832e+00,1.594469070434570312e+00,-1.920974105596542358e-01,-3.067322373390197754e-01,-2.670822441577911377e-01,-3.663929700851440430e-01,-1.074021220207214355e+00,7.734193801879882812e-01,6.893996149301528931e-02,1.957538723945617676e+00,1.432186216115951538e-01,-2.582933187484741211e+00,-1.515583395957946777e-01,1.083499908447265625e+00,2.270157575607299805e+00,8.606169819831848145e-01,1.919613242149353027e+00,-6.175840273499488831e-02,1.730805262923240662e-02,-2.170200824737548828e+00,-6.205852627754211426e-01,1.031247992068529129e-02,2.989832639694213867e+00,-8.277250528335571289e-01,2.230579033493995667e-02,-3.320251032710075378e-02,3.842624187469482422e+00,-4.140185713768005371e-01,-1.534000515937805176e+00,-2.613601207733154297e+00,-8.071756921708583832e-03,6.843258738517761230e-01,-6.533177852630615234e+00,-1.022814661264419556e-01,-1.856826990842819214e-01,7.067663669586181641e-01,-1.370694488286972046e-01,-3.405215144157409668e-01,1.440417051315307617e+00,-1.314924359321594238e-01,-6.661237031221389771e-02,-7.535595446825027466e-02,2.384690999984741211e+00,-2.200850695371627808e-01,-2.762852430343627930e+00,1.880379438400268555e+00,-3.796894848346710205e-02,1.019011139869689941e+00,-3.336741924285888672e-01,-2.129755258560180664e+00,5.301403999328613281e-01,-7.655228674411773682e-02,-1.284214115142822266e+01,-3.642311319708824158e-02,4.765903949737548828e-01,-4.670035094022750854e-02,-2.220342636108398438e+00,2.430722266435623169e-01,2.966170310974121094e-01,4.457046508789062500e+00,-4.044559895992279053e-01,-1.163265705108642578e-01,-1.989503502845764160e-01
-8.069654554128646851e-02,1.849309504032135010e-01,4.976454079151153564e-01,-3.241537883877754211e-02,-9.645648300647735596e-02,-2.846786379814147949e-01,2.254780083894729614e-01,-1.660773086547851562e+01,2.824986726045608521e-02,2.961579263210296631e-01,-6.421756148338317871e-01,-4.567529261112213135e-02,-2.180288314819335938e+01,9.415737539529800415e-02,-3.336775898933410645e-01,1.138540506362915039e+00,-2.357619094848632812e+01,-6.194100975990295410e-01,-2.207823097705841064e-01,-2.630836069583892822e-01,-1.348101329803466797e+01,-3.223912715911865234e-01,-2.789265848696231842e-02,-4.913247823715209961e-01,1.676670759916305542e-01,-1.085436120629310608e-01,-3.805871307849884033e-02,-3.166875839233398438e-01,2.477223053574562073e-02,7.532274127006530762e-01,-7.695399224758148193e-02,-2.424273341894149780e-01,4.238680005073547363e-01,-5.796792507171630859e+00,-1.572540253400802612e-01,-9.954301267862319946e-02,-3.153497874736785889e-01,-5.248199775815010071e-02,2.632662467658519745e-02,4.708618521690368652e-01,1.191872954368591309e-01,-2.669475786387920380e-02,1.924726366996765137e-02,-1.676734089851379395e+00,7.484399080276489258e-01,-1.537770462036132812e+01,-8.904325366020202637e-01,-1.296817660331726074e-01,-4.053552746772766113e-01,-3.795264244079589844e+00,-7.263856887817382812e+00,1.761647462844848633e-01,-6.284876167774200439e-02,3.586278557777404785e-01,-4.350081086158752441e-03,1.227538228034973145e+00,-1.219514906406402588e-01,-1.614102721214294434e+00,-9.659682214260101318e-02,-2.978179156780242920e-01,-7.516158223152160645e-01,-1.454800069332122803e-01,-2.560839951038360596e-01,-1.699672341346740723e-01
-1.526773571968078613e-01,-4.726862162351608276e-02,-6.206199526786804199e-02,1.845628395676612854e-02,8.020758628845214844e-02,1.345880776643753052e-01,2.973505482077598572e-02,6.834885478019714355e-02,-7.787527889013290405e-02,-1.643138676881790161e-01,-1.964269764721393585e-02,-6.032655388116836548e-02,1.273636519908905029e-01,4.566698893904685974e-02,1.184987351298332214e-01,1.681083589792251587e-01,1.752853579819202423e-02,-6.858973205089569092e-02,-1.030779480934143066e-01,-3.712173178791999817e-02,-3.784700930118560791e-01,-6.835333257913589478e-02,-9.653061628341674805e-03,2.295918017625808716e-01,-1.319460123777389526e-01,1.935357153415679932e-01,1.447031795978546143e-01,9.222709387540817261e-02,-1.426292806863784790e-01,1.005382984876632690e-01,1.272930111736059189e-02,1.057739555835723877e-01,-1.060649603605270386e-01,-6.706903874874114990e-02,-2.447942644357681274e-02,-3.002385795116424561e-02,1.106130927801132202e-01,-1.465827822685241699e-01,-1.724464595317840576e-01,-8.540914207696914673e-02,-1.042770892381668091e-01,-1.428112573921680450e-02,5.734580568969249725e-03,5.401543900370597839e-02,-1.048999950289726257e-01,1.045943200588226318e-01,-6.728076189756393433e-02,1.284149438142776489e-01,-6.282874941825866699e-02,-8.937399834394454956e-02,-1.870979927480220795e-02,-9.099756181240081787e-02,1.271049305796623230e-02,6.155904382467269897e-02,8.088921755552291870e-02,1.349594593048095703e-01,1.415418088436126709e-02,1.805841773748397827e-01,-2.114764004945755005e-01,-1.395283043384552002e-01,-1.039652004837989807e-01,-5.094885826110839844e-03,-1.800009757280349731e-01,2.459472790360450745e-02
7.119136303663253784e-02,-1.000677943229675293e+00,-1.478075832128524780e-01,-3.510552883148193359e+00,3.698653541505336761e-03,-1.080816164612770081e-01,-3.040898740291595459e-01,-6.365459918975830078e+00,1.103312745690345764e-01,1.536088436841964722e-02,-2.383020401000976562e+00,8.570972084999084473e-02,-7.686485767364501953e+00,9.215512871742248535e-02,-2.568322658538818359e+00,3.388828039169311523e+00,1.995808362960815430e+00,-2.698236703872680664e+00,-3.909030929207801819e-02,-9.092004597187042236e-02,-2.569307565689086914e+00,-1.808824837207794189e-01,-1.607284247875213623e-01,-3.333132266998291016e+00,1.656077623367309570e+00,5.515488982200622559e-02,-7.473830878734588623e-02,-1.752544999122619629e+00,-8.452935516834259033e-02,7.809903025627136230e-01,3.103361606597900391e+00,-7.167685031890869141e-02,-5.908474445343017578e+00,8.639580011367797852e-01,3.085284233093261719e-01,8.985152840614318848e-02,-7.501274347305297852e-01,-1.673862040042877197e-01,6.446603685617446899e-02,2.132809638977050781e+00,-1.014967486262321472e-01,5.314385518431663513e-02,-1.845757365226745605e-01,-4.593338966369628906e+00,6.734827756881713867e-01,-4.669320106506347656e+00,-1.696180701255798340e+00,-1.354637648910284042e-02,-3.440083265304565430e-01,-1.242199778556823730e+00,1.000712990760803223e+00,8.975940197706222534e-02,-1.355809569358825684e-01,-1.923231124877929688e+01,-2.249278873205184937e-01,1.854077577590942383e+00,-2.401811182498931885e-01,-3.449624300003051758e+00,8.231850862503051758e-01,-1.822612047195434570e+00,4.043454170227050781e+00,5.397174358367919922e-01,-2.056222707033157349e-01,6.289286911487579346e-02
3.938604518771171570e-02,4.531542584300041199e-02,-1.632442921400070190e-01,-5.391386896371841431e-02,6.523013114929199219e-02,2.875646390020847321e-02,-1.347556412220001221e-01,-1.653725951910018921e-01,7.847367972135543823e-02,-1.637413948774337769e-01,-1.471924930810928345e-01,8.900787681341171265e-02,1.651726849377155304e-02,2.007979005575180054e-01,-5.264512822031974792e-02,-1.838698796927928925e-02,-1.242685690522193909e-01,-1.128840371966362000e-01,8.558675646781921387e-03,1.728622466325759888e-01,7.727602869272232056e-02,-3.970738127827644348e-02,1.544133573770523071e-01,-9.602368623018264771e-02,-7.719380408525466919e-02,-7.194755971431732178e-02,-6.149300560355186462e-02,-1.276691909879446030e-02,1.163171604275703430e-01,2.096796222031116486e-02,2.161596342921257019e-02,1.546209007501602173e-01,1.210030764341354370e-01,4.252626001834869385e-02,1.035993918776512146e-02,-1.069921329617500305e-01,-2.510157041251659393e-02,7.981277257204055786e-02,1.489720791578292847e-01,-6.254592537879943848e-02,1.140883713960647583e-01,1.457892954349517822e-01,5.897180363535881042e-02,-1.434908062219619751e-01,-4.371388256549835205e-02,-1.240317374467849731e-01,-4.090346768498420715e-02,-1.468808054924011230e-01,4.000040888786315918e-02,7.803022861480712891e-02,1.683604866266250610e-01,4.472089558839797974e-02,-7.859008759260177612e-02,9.327142685651779175e-02,-1.170235872268676758e-01,1.801175177097320557e-01,-1.525022536516189575e-01,-1.635949499905109406e-02,3.739131242036819458e-02,6.024608761072158813e-02,-8.870624005794525146e-02,3.428451716899871826e-02,-6.480503827333450317e-02,-1.172160729765892029e-01
-1.143716573715209961e-01,-6.768190264701843262e-01,-8.445595502853393555e-01,-2.591955423355102539e+00,-1.930695176124572754e-01,4.020398855209350586e-02,-6.173845753073692322e-02,6.317481398582458496e-01,-2.631043493747711182e-01,2.646511793136596680e+00,1.518785357475280762e+00,-2.299638986587524414e-01,1.132119297981262207e+00,-1.915448904037475586e-02,-9.943009614944458008e-01,-8.606714010238647461e-01,1.049780964851379395e+00,-4.692891120910644531e+00,2.259199135005474091e-02,1.645064502954483032e-01,-3.057555913925170898e+00,1.106163933873176575e-01,-1.026469692587852478e-01,-7.474477887153625488e-01,-8.654584288597106934e-01,-2.188522815704345703e-01,7.935929298400878906e-02,-8.119713068008422852e-01,1.159564852714538574e-01,7.835586071014404297e-01,-5.747301578521728516e-01,1.311759371310472488e-02,3.037824034690856934e-01,-2.607222795486450195e+00,1.125748276710510254e+00,1.121444180607795715e-01,-1.316122531890869141e+00,2.611109241843223572e-02,1.081235930323600769e-01,-1.410292625427246094e+00,8.475407361984252930e-01,-1.520105719566345215e+00,-2.252483218908309937e-01,1.922216653823852539e+00,3.646364212036132812e+00,4.369364738464355469e+00,2.187401294708251953e+00,-5.050261691212654114e-02,3.682122230529785156e-01,2.320572853088378906e+00,-5.493905544281005859e+00,-8.575012207031250000e+00,-3.651676476001739502e-01,1.086417555809020996e+00,-1.946693956851959229e-01,-2.864525794982910156e+00,-1.512448191642761230e-01,1.003966927528381348e+00,-9.576019048690795898e-01,2.531236886978149414e+00,8.814586400985717773e-01,-3.226272106170654297e+00,-1.294480860233306885e-01,-2.032972872257232666e-02
-2.714185416698455811e-02,-5.694949626922607422e-01,-1.902106165885925293e+00,6.064075827598571777e-01,-1.449656784534454346e-01,-8.944861590862274170e-02,-5.291353911161422729e-02,2.601675033569335938e+00,3.232279717922210693e-01,2.945382833480834961e+00,2.284400939941406250e+00,-7.110174000263214111e-02,-4.978779315948486328e+00,9.335047006607055664e-02,-3.332039341330528259e-02,-1.868056654930114746e+00,4.585342705249786377e-01,-2.641511201858520508e+00,-1.514768004417419434e-01,-2.864559292793273926e-01,-2.912256240844726562e+00,-4.913477599620819092e-02,1.155789848417043686e-02,1.905536055564880371e-01,-6.758915424346923828e+00,-1.043772995471954346e-01,-1.711004376411437988e-01,4.086019396781921387e-01,-6.770030409097671509e-02,-7.778778672218322754e-01,-8.722955703735351562e+00,1.395384818315505981e-01,-2.460582256317138672e-01,4.946084618568420410e-01,-2.223780304193496704e-01,1.137180104851722717e-01,-2.810036204755306244e-02,3.410362079739570618e-02,1.391703169792890549e-02,9.275293946266174316e-01,4.430547714233398438e+00,-1.161582693457603455e-01,1.481271237134933472e-01,8.975325226783752441e-01,5.026523590087890625e+00,-1.913702249526977539e+00,-6.423350572586059570e-01,-1.632183641195297241e-01,1.478376150131225586e+00,4.986278057098388672e+00,-2.147115468978881836e+00,8.425581455230712891e-01,-2.021305859088897705e-01,-1.522765636444091797e+00,9.072695672512054443e-02,-1.730605006217956543e+00,-3.439595550298690796e-02,2.570739030838012695e+00,-2.302108556032180786e-01,1.454937607049942017e-01,-3.518792152404785156e+00,-2.673695802688598633e+00,-7.335417438298463821e-03,-6.692855060100555420e-02
-5.700475722551345825e-02,-8.804824352264404297e-01,-4.835602343082427979e-01,-1.522542119026184082e+00,-1.613458842039108276e-01,-1.074559241533279419e-01,1.049049273133277893e-01,-3.468933105468750000e+01,9.088183939456939697e-02,-1.120040774345397949e+00,2.784707248210906982e-01,-5.975832417607307434e-02,3.319519519805908203e+00,-1.315156221389770508e-01,-2.988312959671020508e+00,-2.581422626972198486e-01,2.608978271484375000e+00,-3.001490235328674316e-01,-1.892096698284149170e-01,2.412205636501312256e-01,-9.659728050231933594e+00,-2.914098203182220459e-01,-5.847298074513673782e-03,-7.178110480308532715e-01,-2.296474277973175049e-01,8.160881698131561279e-02,1.251611113548278809e-01,-3.528305590152740479e-01,1.041223481297492981e-01,1.271147847175598145e+00,-1.139212608337402344e+00,3.755694255232810974e-02,2.040923535823822021e-01,-6.193698048591613770e-01,-7.646049857139587402e-01,4.987509548664093018e-02,7.549422979354858398e-01,-1.191754341125488281e-01,1.656796038150787354e-02,8.856948018074035645e-01,-3.987999260425567627e-01,2.676916420459747314e-01,9.551829844713211060e-02,1.228467226028442383e+00,6.689426302909851074e-02,-1.275416660308837891e+01,2.336156368255615234e-01,-1.717931218445301056e-02,-5.764539837837219238e-01,-5.393953323364257812e+00,1.741053611040115356e-01,-6.652333736419677734e-01,-1.892171800136566162e-01,-1.044028848409652710e-01,-1.905292086303234100e-02,-2.997209131717681885e-01,-1.095376312732696533e-01,2.353745698928833008e+00,-1.686994314193725586e+00,-1.985224366188049316e+00,1.288225889205932617e+00,3.672318160533905029e-01,3.531363233923912048e-02,-5.915605276823043823e-02
1.216471940279006958e-01,6.868291854858398438e+00,-5.689615249633789062e+00,-1.070810127258300781e+01,-1.024578437209129333e-01,-1.441955715417861938e-01,1.173152849078178406e-01,-1.910097312927246094e+01,7.162255793809890747e-02,3.071262359619140625e+00,1.660552501678466797e+00,-2.857488095760345459e-01,-3.259547472000122070e+00,-8.223304897546768188e-02,2.750275850296020508e+00,-2.046867132186889648e+00,2.214688956737518311e-01,1.100545883178710938e+00,2.257809415459632874e-02,-1.499252170324325562e-01,-2.146401977539062500e+01,4.204234108328819275e-02,1.469954848289489746e-03,-6.639370441436767578e+00,-2.554265737533569336e+00,-4.754453524947166443e-02,-9.213788807392120361e-02,2.559051275253295898e+00,-2.260557375848293304e-02,-1.706526875495910645e-01,-8.037506103515625000e+00,1.527324914932250977e-01,7.205008864402770996e-01,-4.610065460205078125e+00,-1.125035524368286133e+00,-1.449502855539321899e-01,1.135069727897644043e+00,-1.221933662891387939e-01,-3.033797256648540497e-02,-1.470353484153747559e+00,-8.743554949760437012e-01,-2.521085739135742188e-01,-5.585501715540885925e-02,1.283924579620361328e+00,4.808724224567413330e-01,-1.261984252929687500e+01,-3.712493181228637695e-01,-1.344517916440963745e-01,-1.372678756713867188e+00,-1.344212532043457031e+01,-6.116118431091308594e+00,-1.318840831518173218e-01,2.536263763904571533e-01,3.910928010940551758e+00,-1.552850008010864258e-02,-4.331965923309326172e+00,-2.615363895893096924e-01,-4.626537322998046875e+00,-3.697199821472167969e-01,3.549790680408477783e-01,-6.343294382095336914e-01,-1.572305440902709961e+00,1.775686442852020264e-02,1.533158272504806519e-01
2.476902119815349579e-02,3.544433414936065674e-01,-2.636398553848266602e+00,-6.130543231964111328e+00,-1.296104583889245987e-02,8.404030650854110718e-02,-1.103365235030651093e-02,-7.139526367187500000e+00,-8.190010488033294678e-02,-2.939562559127807617e+00,-3.904320955276489258e+00,-6.925286650657653809e-01,1.264797747135162354e-01,-5.183697491884231567e-02,9.783349037170410156e-01,-7.159503698348999023e-01,1.672180294990539551e+00,2.516407966613769531e+00,1.047929152846336365e-01,-6.388499140739440918e-01,4.140529155731201172e+00,-7.936622016131877899e-03,-1.390289068222045898e-01,-1.181084990501403809e+00,-3.285914897918701172e+00,1.338312625885009766e-01,-4.392146319150924683e-02,-1.139406204223632812e+00,-2.647313177585601807e-01,1.602254062891006470e-01,-1.273488998413085938e+00,-1.407670676708221436e-01,-6.202994823455810547e+00,3.924903869628906250e-01,9.347758889198303223e-01,1.655301637947559357e-02,-6.649272888898849487e-02,-5.571606010198593140e-02,6.660730391740798950e-02,-4.460963904857635498e-01,-2.541496038436889648e+00,-8.087986148893833160e-03,-1.135337650775909424e-01,2.176541835069656372e-01,-2.694267272949218750e+00,-1.692128753662109375e+01,1.871482610702514648e+00,-1.294542849063873291e-01,-8.054414391517639160e-01,-3.299637556076049805e+00,4.703457951545715332e-01,-8.361014723777770996e-01,-1.139927729964256287e-01,8.558579087257385254e-01,3.460264950990676880e-02,1.305581331253051758e+00,-5.504288896918296814e-02,1.014638781547546387e+00,2.761546075344085693e-01,1.236941695213317871e+00,1.874343156814575195e-01,4.426987648010253906e+00,5.281992256641387939e-03,1.259465813636779785e-01
7.480539381504058838e-02,-9.174627661705017090e-01,7.466419134289026260e-03,3.961916267871856689e-01,-2.129109948873519897e-01,-8.400592952966690063e-02,2.371524088084697723e-02,-4.237173557281494141e+00,-1.257222741842269897e-01,-5.938139915466308594e+00,-4.067155718803405762e-01,-2.481572628021240234e-01,-1.539566898345947266e+01,2.298171864822506905e-03,2.696889638900756836e+00,-5.571345329284667969e+00,-3.045104980468750000e+00,2.052547931671142578e+00,-5.081522092223167419e-02,1.143636181950569153e-01,3.827287673950195312e+00,8.811438828706741333e-02,-2.043424732983112335e-02,1.295320391654968262e+00,-4.149611294269561768e-02,9.542687982320785522e-02,7.077850401401519775e-02,-7.854577898979187012e-01,8.523415774106979370e-02,-4.830150008201599121e-01,-2.709400177001953125e+00,-2.490658871829509735e-02,-8.165810704231262207e-01,-2.792370796203613281e+00,-4.584949910640716553e-01,8.052168786525726318e-02,1.901270449161529541e-01,-4.489184543490409851e-02,-8.524443209171295166e-02,-1.300135850906372070e+00,-3.228765964508056641e+00,-6.668110489845275879e-01,9.016515314579010010e-02,-1.485390424728393555e+00,-5.706904411315917969e+00,-3.147231340408325195e+00,3.631403446197509766e+00,-1.851925998926162720e-01,2.350304424762725830e-01,-3.156408786773681641e+00,-8.564695119857788086e-01,-1.746072173118591309e+00,-3.405199646949768066e-01,1.193443894386291504e+00,-2.087560892105102539e-01,1.968294143676757812e+00,-2.759235203266143799e-01,-6.877787113189697266e-01,-2.420120835304260254e-01,-1.006594777107238770e+00,2.605119466781616211e+00,2.660681962966918945e+00,-4.448691308498382568e-01,3.382638841867446899e-02
-1.215039659291505814e-02,1.040018796920776367e-01,-8.533048033714294434e-01,-1.744912528991699219e+01,-2.125390321016311646e-01,-1.105912402272224426e-01,-1.615576297044754028e-01,-3.146772861480712891e+00,1.268403232097625732e-01,-2.354233264923095703e-01,1.947869777679443359e+00,-2.829522490501403809e-01,-1.040531881153583527e-02,-5.280250310897827148e-02,-1.599715948104858398e+00,8.285967111587524414e-01,-6.249533176422119141e+00,-3.966018855571746826e-01,-1.545951608568429947e-02,-6.526594161987304688e-01,-2.528772926330566406e+01,-3.290146887302398682e-01,-6.627901643514633179e-02,8.132022023200988770e-01,3.061859369277954102e+00,-1.132467091083526611e-01,-1.085925251245498657e-01,1.224272727966308594e+00,-2.782749710604548454e-03,-9.602969169616699219e+00,-2.227029228210449219e+01,-1.193148046731948853e-01,3.649635910987854004e-01,-3.661698913574218750e+01,-4.616386140696704388e-04,-2.506651282310485840e-01,-1.158221960067749023e+00,2.176950126886367798e-02,-6.565974652767181396e-02,-2.626595258712768555e+00,2.862967737019062042e-02,2.743321359157562256e-01,-1.415521353483200073e-01,1.995513886213302612e-01,1.471104621887207031e-01,-1.179662227630615234e+01,1.836230158805847168e+00,-1.297007948160171509e-01,-4.889930725097656250e+00,-2.071861177682876587e-01,9.591647982597351074e-01,4.025983512401580811e-01,7.847272790968418121e-03,-3.144673824310302734e+00,4.467363655567169189e-02,-8.004218339920043945e-01,-9.291697293519973755e-02,-1.020415067672729492e+00,5.907680094242095947e-02,-1.144971489906311035e+00,-1.959650874137878418e+00,-2.104059219360351562e+01,7.568989694118499756e-02,-3.891307115554809570e-01
2.265227027237415314e-02,1.764843463897705078e-01,-6.146029010415077209e-02,-1.110399439930915833e-01,-1.500012874603271484e-01,-1.079276502132415771e-01,-1.575850844383239746e-01,4.889017716050148010e-02,1.366560757160186768e-01,7.062368839979171753e-02,1.567201316356658936e-01,1.598374843597412109e-01,8.850225247442722321e-03,5.281907971948385239e-03,7.848366349935531616e-02,-1.981418728828430176e-01,1.270511448383331299e-01,-1.245239675045013428e-01,1.150445267558097839e-01,-1.663072854280471802e-01,-1.127954944968223572e-01,-1.650078296661376953e-01,-3.378814458847045898e-02,-2.348319999873638153e-02,-7.888951152563095093e-02,-1.751617528498172760e-02,9.436201304197311401e-02,3.741739988327026367e-01,3.874422982335090637e-02,-2.596692740917205811e-02,2.159327417612075806e-01,-2.024909108877182007e-01,-8.356326818466186523e-02,1.406300365924835205e-01,9.179077297449111938e-02,-1.696253418922424316e-01,-1.121858283877372742e-01,-8.838691562414169312e-02,-7.800625264644622803e-02,-6.262084469199180603e-03,1.455783396959304810e-01,1.322115063667297363e-01,5.954237654805183411e-02,-2.723961509764194489e-02,4.022062569856643677e-02,-1.679852604866027832e-01,3.054909175261855125e-03,-1.895692646503448486e-01,1.447547674179077148e-01,-1.176676526665687561e-01,3.504989668726921082e-02,1.212825551629066467e-01,-5.665027722716331482e-02,7.410087436437606812e-02,-6.249430403113365173e-02,-1.531234085559844971e-01,-1.822211295366287231e-01,-1.950838118791580200e-01,-3.285669162869453430e-02,-1.087939962744712830e-01,1.240114215761423111e-02,6.815883517265319824e-02,5.723080411553382874e-02,-1.744714975357055664e-01
6.738268584012985229e-02,9.339572489261627197e-02,-9.288159012794494629e-02,2.606406994163990021e-02,-5.242056772112846375e-02,-2.396717369556427002e-01,7.273392379283905029e-02,-4.609295632690191269e-03,-8.629287034273147583e-02,-2.242275178432464600e-01,-1.813011430203914642e-02,-7.480031345039606094e-03,1.322689931839704514e-02,9.910570085048675537e-02,2.670458890497684479e-02,-6.709009408950805664e-02,-9.344554692506790161e-02,1.341097056865692139e-01,1.134298816323280334e-01,-1.024820506572723389e-01,-1.954946815967559814e-01,-1.724156588315963745e-01,9.577804803848266602e-02,1.083988696336746216e-01,-7.913348823785781860e-02,1.326408088207244873e-01,-8.644716441631317139e-02,1.576583087444305420e-02,8.598539233207702637e-02,-9.312091022729873657e-02,-1.396689098328351974e-02,-1.363860256969928741e-02,1.096281409263610840e-01,3.308805450797080994e-02,8.076323568820953369e-02,7.286544889211654663e-02,-1.163567155599594116e-01,7.514122873544692993e-02,-4.250016063451766968e-02,-9.543418884277343750e-02,6.562129408121109009e-02,1.000063568353652954e-01,5.547992512583732605e-02,-1.595320105552673340e-01,1.768165268003940582e-02,7.880935817956924438e-02,7.445929077221080661e-05,8.725241571664810181e-02,1.040197312831878662e-01,-1.077225282788276672e-01,4.140728712081909180e-02,6.682204455137252808e-02,-4.367152228951454163e-02,-1.497694700956344604e-01,-1.368705183267593384e-01,-1.113195121288299561e-01,-1.753444671630859375e-01,5.823807418346405029e-02,5.005961656570434570e-02,-1.116722449660301208e-01,-1.807381808757781982e-01,-6.945864111185073853e-02,-2.142889201641082764e-01,-2.087205834686756134e-02
-1.956463009119033813e-01,6.975356489419937134e-02,8.346072398126125336e-03,8.464520424604415894e-02,8.774140477180480957e-02,2.011256292462348938e-02,-1.103727445006370544e-01,-6.072164177894592285e-01,3.615911304950714111e-02,-1.200069189071655273e-01,2.245666533708572388e-01,-7.158348709344863892e-02,-7.699114084243774414e-01,1.706569492816925049e-01,8.022924512624740601e-02,-1.208805069327354431e-01,-8.123750239610671997e-02,7.633251696825027466e-02,-1.266041547060012817e-01,9.513215720653533936e-02,2.378731518983840942e-01,5.116095300763845444e-03,-1.357695460319519043e-01,3.307048976421356201e-01,-1.090369597077369690e-01,-2.078784406185150146e-01,6.819070130586624146e-02,-4.947827756404876709e-01,2.220061607658863068e-02,1.357929110527038574e-01,3.130190968513488770e-01,-2.321923524141311646e-01,-1.005314141511917114e-01,-9.112600237131118774e-02,1.505247652530670166e-01,-1.118834391236305237e-01,-1.522661298513412476e-01,9.599517285823822021e-02,-1.465997425839304924e-03,1.012152954936027527e-01,-4.414890706539154053e-02,-2.570851743221282959e-01,-1.385015845298767090e-01,-2.838873267173767090e-01,-5.914167501032352448e-03,-6.253931522369384766e-01,2.690971828997135162e-02,1.235079094767570496e-01,1.730993688106536865e-01,-6.226877570152282715e-01,-3.921613469719886780e-02,4.265904054045677185e-02,-1.063498780131340027e-01,-1.839097142219543457e-01,-4.352656006813049316e-02,-4.007180929183959961e-01,-2.938769161701202393e-01,1.234013140201568604e-01,8.896437357179820538e-04,-2.074181586503982544e-01,1.135393045842647552e-02,-1.980440914630889893e-01,-6.244326010346412659e-02,-1.534886509180068970e-01
-2.838823199272155762e-02,1.392222642898559570e+00,7.165298461914062500e-01,2.342106342315673828e+00,2.015313506126403809e-02,-1.840303093194961548e-01,2.628361061215400696e-02,-1.027356338500976562e+01,-4.396931454539299011e-02,3.501577377319335938e-01,6.513608098030090332e-01,-3.073514103889465332e-01,1.083140563964843750e+01,-6.344783585518598557e-03,3.793129920959472656e-01,1.751755952835083008e+00,-3.749253988265991211e+00,-1.586038589477539062e+00,-9.249944984912872314e-02,1.667889654636383057e-01,-1.099784851074218750e+01,1.286413986235857010e-02,3.512216731905937195e-02,1.744500637054443359e+00,-1.692384719848632812e+00,-4.633802920579910278e-02,1.387341767549514771e-01,1.369724869728088379e+00,-1.308326125144958496e-01,-1.049805879592895508e+00,2.578928470611572266e+00,6.682965904474258423e-02,-5.642567873001098633e-01,1.160451412200927734e+00,1.663417369127273560e-01,-1.119252145290374756e-01,2.755788862705230713e-01,4.643578431569039822e-04,-3.444501385092735291e-02,1.494612097740173340e+00,-7.844694890081882477e-03,-4.931784868240356445e-01,5.559911485761404037e-03,8.480465412139892578e-01,1.829678118228912354e-01,-1.450200557708740234e+00,7.986428737640380859e-01,3.949088975787162781e-03,4.382597208023071289e-01,-6.664695739746093750e-01,-5.836431980133056641e-01,2.292069606482982635e-02,-8.864769339561462402e-02,-5.451275035738945007e-02,-3.909588605165481567e-02,9.021348357200622559e-01,7.122579962015151978e-02,-2.743660449981689453e+00,4.838804006576538086e-01,1.622059822082519531e+00,-1.065534472465515137e+00,-4.199750721454620361e-01,4.500301554799079895e-02,-7.339517772197723389e-02
-1.153016388416290283e-01,-7.977676391601562500e-02,-2.563302405178546906e-02,-4.904750734567642212e-02,1.440005451440811157e-01,2.231342531740665436e-02,-1.090463623404502869e-01,-9.075814485549926758e-02,-3.073358722031116486e-02,-1.178386211395263672e-01,-1.084716320037841797e-01,-1.351724863052368164e-01,-1.459693312644958496e-01,3.579417616128921509e-02,4.989799484610557556e-02,-9.100585430860519409e-02,1.611199229955673218e-01,-5.051757395267486572e-02,-1.683304607868194580e-01,1.130907014012336731e-01,-3.278753906488418579e-02,1.137222573161125183e-01,-7.637763023376464844e-02,-6.906630843877792358e-02,-1.103168725967407227e-02,-1.622403860092163086e-01,1.564318835735321045e-01,3.801918774843215942e-02,1.298333853483200073e-01,5.201676860451698303e-02,1.876543834805488586e-02,1.102823298424482346e-02,-5.984932649880647659e-03,-1.191921532154083252e-02,1.802075356245040894e-01,-1.793066561222076416e-01,1.551916450262069702e-01,-5.418756231665611267e-02,-2.727368287742137909e-02,4.852175340056419373e-02,1.197780817747116089e-01,-1.198447272181510925e-01,9.814542531967163086e-02,-1.799830049276351929e-01,7.801793515682220459e-02,-1.551080644130706787e-01,-1.290134619921445847e-03,8.029434829950332642e-02,-2.909832820296287537e-02,-3.065830282866954803e-02,9.960436820983886719e-02,7.380841299891471863e-03,-1.300464719533920288e-01,1.204545125365257263e-01,-9.552801400423049927e-02,1.005749627947807312e-01,1.210103929042816162e-01,7.303454913198947906e-03,-2.853098139166831970e-02,5.826245620846748352e-02,1.550368517637252808e-01,-1.533904075622558594e-01,-1.386009305715560913e-01,8.186832815408706665e-02
1.090017482638359070e-01,3.267989680171012878e-02,-1.039392198435962200e-03,1.990612387657165527e+00,-5.364401265978813171e-02,-1.467558294534683228e-01,-2.044538855552673340e-01,-1.876121401786804199e+00,-5.905140638351440430e-01,-6.940718650817871094e+00,-2.219587087631225586e+00,-1.225505098700523376e-01,-6.022188663482666016e+00,4.070298746228218079e-02,1.941129565238952637e-01,-2.329065084457397461e+00,4.700411796569824219e+00,-1.689373731613159180e+00,-6.643187254667282104e-02,-3.066873550415039062e-02,-2.293705701828002930e+00,-1.508577018976211548e-01,1.050810824381187558e-04,1.533682584762573242e+00,-7.775539159774780273e-01,-1.503312587738037109e-01,6.791797280311584473e-02,-2.551373720169067383e+00,-1.170638725161552429e-01,-6.207185387611389160e-01,2.580532789230346680e+00,1.305212639272212982e-02,4.359424412250518799e-01,9.759606122970581055e-01,2.747356653213500977e+00,-1.131508201360702515e-01,-7.527056336402893066e-02,4.457524977624416351e-03,4.071258808835409582e-05,1.927969418466091156e-02,-2.375978380441665649e-01,1.909456215798854828e-02,2.942519262433052063e-02,2.439392089843750000e+00,1.225144416093826294e-02,-1.656903475522994995e-01,1.896497845649719238e+00,1.680156774818897247e-02,3.029469549655914307e-01,-9.251456856727600098e-01,-8.456142425537109375e+00,-1.211775875091552734e+01,-4.485484678298234940e-04,6.648755073547363281e-01,-1.230212152004241943e-01,-3.044205605983734131e-01,-2.180790901184082031e-01,-2.780082702636718750e+00,-8.513390421867370605e-01,1.703978300094604492e+00,-1.112824201583862305e+00,-1.528243660926818848e+00,-5.866702273488044739e-02,-3.759460747241973877e-01
4.055493697524070740e-02,-2.479426376521587372e-02,-1.466958075761795044e-01,-1.261216998100280762e-01,-1.263051759451627731e-02,-1.536759138107299805e-01,2.469382584095001221e-01,-2.361937165260314941e-01,-4.285855591297149658e-02,-1.890302449464797974e-01,1.093467250466346741e-01,1.580795049667358398e-01,-3.104286789894104004e-01,1.276478320360183716e-01,1.344952136278152466e-01,7.005453854799270630e-02,6.828103959560394287e-02,-9.531997889280319214e-02,-3.357391431927680969e-02,1.878334134817123413e-01,-1.565717905759811401e-01,-1.899682283401489258e-01,-1.093490496277809143e-01,-1.776513010263442993e-01,1.574898809194564819e-01,-2.051529884338378906e-01,5.270106345415115356e-02,9.739889763295650482e-03,1.292459815740585327e-01,2.198043763637542725e-01,-1.555531844496726990e-02,-5.481396988034248352e-02,-8.678490668535232544e-02,-2.448110468685626984e-02,1.385629922151565552e-01,-1.352309882640838623e-01,7.878930121660232544e-02,5.974902585148811340e-02,-8.081865310668945312e-02,3.489175438880920410e-02,-1.635685376822948456e-02,-2.561774849891662598e-01,-8.805704116821289062e-02,-8.716788142919540405e-02,-3.338739275932312012e-02,-1.401952356100082397e-01,2.198182977735996246e-02,-7.122603803873062134e-02,-1.648167073726654053e-01,-5.232806205749511719e-01,1.615781337022781372e-02,-6.087093148380517960e-03,1.165304780006408691e-01,-1.451162248849868774e-01,3.654742613434791565e-02,1.330308467149734497e-01,-1.029163822531700134e-01,6.860800832509994507e-02,-1.793244108557701111e-02,1.336543560028076172e-01,-8.718273788690567017e-02,-2.184887528419494629e-01,-6.451700627803802490e-02,-1.720722466707229614e-01
4.646037518978118896e-02,-8.066621422767639160e-02,-6.219765171408653259e-02,-1.331195682287216187e-01,9.426271170377731323e-02,4.861657693982124329e-02,-1.125330999493598938e-01,-6.342661380767822266e-02,-4.794494807720184326e-02,-9.329602122306823730e-02,-9.088457375764846802e-02,-1.686696261167526245e-01,-1.615997403860092163e-01,-1.203894764184951782e-01,1.424393709748983383e-02,-1.584606617689132690e-01,6.346033513545989990e-02,-2.483952790498733521e-02,-1.911190152168273926e-01,-1.725079119205474854e-01,-2.104953378438949585e-01,-7.157264649868011475e-02,1.058333963155746460e-01,-2.342679537832736969e-02,1.076922379434108734e-02,1.126745790243148804e-01,7.561161648482084274e-03,1.014338340610265732e-02,-1.197911873459815979e-01,-2.405720949172973633e-02,2.635330893099308014e-03,-5.848587304353713989e-02,-1.284730732440948486e-01,-1.125210374593734741e-01,4.709442332386970520e-02,-1.688450872898101807e-01,1.219900771975517273e-01,1.399356126785278320e-01,1.212895140051841736e-01,1.370188891887664795e-01,1.024422422051429749e-01,-5.824368819594383240e-02,5.909014120697975159e-02,3.233100473880767822e-02,-1.364151388406753540e-01,5.047072470188140869e-02,1.250910572707653046e-03,-1.207480430603027344e-01,-1.499719824641942978e-02,-1.300694495439529419e-01,-5.398337263613939285e-03,-7.867820560932159424e-02,1.039409413933753967e-01,8.542475104331970215e-02,-2.724660187959671021e-02,-3.979289904236793518e-02,1.475658416748046875e-01,-1.312838196754455566e-01,-1.850764900445938110e-01,-1.617150008678436279e-01,-4.569032043218612671e-02,9.092002362012863159e-02,-8.815788477659225464e-02,-1.439189463853836060e-01
1.376678496599197388e-01,1.497253894805908203e+00,2.677742481231689453e+00,2.127164602279663086e+00,-3.981474041938781738e-02,1.628904640674591064e-01,1.787218637764453888e-02,-4.214113235473632812e+00,-3.499436378479003906e-01,-1.889685869216918945e+00,2.129276394844055176e-01,-3.439123332500457764e-01,2.519232988357543945e+00,1.172021403908729553e-02,2.489909648895263672e+00,-8.617144078016281128e-02,1.067578315734863281e+00,-2.678160429000854492e+00,-1.759201884269714355e-01,-9.395886659622192383e-01,-2.903559446334838867e+00,3.958838433027267456e-02,-9.068611264228820801e-02,1.840260744094848633e+00,2.263639420270919800e-01,-6.069571711122989655e-03,7.239562273025512695e-02,-2.310619592666625977e+00,-2.543617784976959229e-02,-1.002817869186401367e+00,-5.082377910614013672e+00,-2.419748008251190186e-01,2.436645269393920898e+00,-5.269134044647216797e-01,-6.114847064018249512e-01,-2.163791209459304810e-01,-2.559614777565002441e-01,-1.728947013616561890e-01,7.225951552391052246e-02,-3.536562621593475342e-01,3.496567904949188232e-01,3.603578507900238037e-01,7.496896386146545410e-02,6.666670799255371094e+00,-4.503015577793121338e-01,-1.339941406250000000e+01,8.804731369018554688e-01,2.760561765171587467e-04,-4.721289873123168945e-01,1.404781579971313477e+00,-3.050731420516967773e+00,-3.487027168273925781e+00,-3.640899062156677246e-01,2.786182641983032227e+00,-9.430148452520370483e-02,-2.502239942550659180e+00,-2.969830036163330078e-01,-3.302804708480834961e+00,-1.327559202909469604e-01,-2.530224800109863281e+00,1.341988801956176758e+00,-7.598153114318847656e+00,5.289052426815032959e-02,3.739544749259948730e-02
1.079176217317581177e-01,7.957748770713806152e-01,1.804524660110473633e-01,-9.695628166198730469e+00,1.204026397317647934e-02,-9.888936579227447510e-02,-1.474975049495697021e-01,1.524258255958557129e+00,-3.321306407451629639e-01,-1.015813112258911133e+00,-7.270712852478027344e+00,-4.189199507236480713e-01,-1.369310092926025391e+01,-2.947929501533508301e-02,4.019722640514373779e-01,-5.110803127288818359e+00,-3.912089169025421143e-01,-4.818741321563720703e+00,-5.214185640215873718e-02,-1.728234291076660156e-01,6.850923895835876465e-01,-4.081558883190155029e-01,1.429078876972198486e-01,-8.699907302856445312e+00,1.885685920715332031e+00,-9.112353436648845673e-03,-1.363462116569280624e-02,1.716465473175048828e+00,-2.168870568275451660e-01,3.276470303535461426e-01,5.903580784797668457e-01,-1.904142200946807861e-01,7.551906108856201172e-01,-3.085078477859497070e+00,-3.627124726772308350e-01,-3.628695756196975708e-02,4.696981608867645264e-01,-5.701764672994613647e-02,-1.049710586667060852e-01,1.354429960250854492e+00,-1.081307977437973022e-01,1.857516169548034668e-01,-1.284767314791679382e-02,-1.078237247467041016e+01,-2.623124122619628906e-01,6.070537567138671875e-01,1.775491237640380859e+00,-8.700802922248840332e-02,-1.133624613285064697e-01,-1.387662053108215332e+00,-6.438916683197021484e+00,-1.067555189132690430e+00,-1.256729960441589355e-01,-3.587846279144287109e+00,1.686019264161586761e-02,-3.402118682861328125e-01,-3.957360982894897461e-01,-3.582214832305908203e+00,-7.304837107658386230e-01,1.479041695594787598e+00,-2.562949657440185547e+00,-1.776032000780105591e-01,-1.920429319143295288e-01,-8.079367130994796753e-02
-1.631567329168319702e-01,3.936680257320404053e-01,1.477379322052001953e+00,-6.189162254333496094e+00,-4.625517874956130981e-02,1.672832481563091278e-02,-2.644989639520645142e-02,-3.689912796020507812e+00,-2.774082422256469727e-01,3.917210996150970459e-01,1.917000174522399902e+00,-2.172076515853404999e-02,-1.153641700744628906e+01,1.626809388399124146e-01,9.331741929054260254e-01,-2.856173992156982422e+00,-1.369682073593139648e+00,-1.336960792541503906e+00,-9.128027409315109253e-02,3.132676482200622559e-01,-2.006527185440063477e+00,-2.347642630338668823e-01,1.044951379299163818e-01,8.346945047378540039e-01,-1.450488090515136719e+00,-6.253761053085327148e-02,-2.236452698707580566e-02,-5.195827007293701172e+00,-3.112059831619262695e-01,-7.903444021940231323e-02,-2.411157846450805664e+00,-2.151039540767669678e-01,-9.761582314968109131e-02,3.873039782047271729e-01,-3.767539560794830322e-01,1.499567031860351562e-01,-6.288470029830932617e-01,-6.057155132293701172e-02,-9.785349667072296143e-02,-1.634932875633239746e+00,6.289963722229003906e-01,9.625300019979476929e-02,-1.107174009084701538e-01,-1.939679503440856934e+00,-3.520286083221435547e-01,-3.985227048397064209e-01,1.965298891067504883e+00,-8.111735433340072632e-02,-1.686526060104370117e+00,-1.493417382240295410e+00,-1.707710504531860352e+00,-8.963260054588317871e-02,8.798280358314514160e-02,-7.385268807411193848e-01,9.272905997931957245e-03,-9.199060201644897461e-01,-2.416872084140777588e-01,9.883584976196289062e-01,2.606432139873504639e-01,4.180607944726943970e-02,2.210560083389282227e+00,-1.208410263061523438e+00,3.429951146245002747e-02,-1.870017498731613159e-01
-2.085146158933639526e-01,-2.313068628311157227e+00,-7.352178692817687988e-01,-1.121933221817016602e+00,1.594228483736515045e-02,-2.299044728279113770e-01,-4.147259294986724854e-01,-3.592393493652343750e+01,7.061994820833206177e-02,-2.017972230911254883e+00,-6.763122677803039551e-01,-1.864557564258575439e-01,1.539888262748718262e+00,-6.648021191358566284e-02,-1.220006942749023438e-01,4.407634139060974121e-01,5.518797785043716431e-02,5.693038702011108398e-01,-2.422191947698593140e-02,-1.851580142974853516e-01,3.760675191879272461e+00,1.559490263462066650e-01,3.856703266501426697e-02,-6.493968367576599121e-01,-4.512922763824462891e+00,-1.384624391794204712e-01,-4.912703484296798706e-02,2.515044808387756348e-01,-1.907342821359634399e-01,4.353708028793334961e-01,4.535369202494621277e-02,-5.127621069550514221e-02,2.882250584661960602e-02,-3.400208711624145508e+00,-2.584709823131561279e-01,3.024946432560682297e-03,1.072242140769958496e+00,-2.104839533567428589e-01,-1.423700805753469467e-02,-7.760071754455566406e-01,-1.701367735862731934e+00,2.281828969717025757e-01,-1.834585815668106079e-01,-6.827780008316040039e-01,-2.277672439813613892e-01,-1.986851096153259277e-01,-1.904583334922790527e+00,-1.890882700681686401e-01,-4.736710488796234131e-01,-2.707752883434295654e-01,-3.984594821929931641e+00,3.724513202905654907e-02,-1.040988489985466003e-01,-3.143658936023712158e-01,3.525887429714202881e-02,-1.060702428221702576e-01,-1.667025536298751831e-01,-1.025100350379943848e+00,3.537662699818611145e-02,4.033849239349365234e-01,1.545021086931228638e-01,3.837323427200317383e+00,5.654527619481086731e-02,-1.338837295770645142e-01
2.991597168147563934e-02,1.950514167547225952e-01,3.725545108318328857e-01,9.308913946151733398e-01,-2.558701485395431519e-02,-5.218509957194328308e-02,-1.065529957413673401e-01,-6.463589191436767578e+00,1.782716661691665649e-01,5.451931476593017578e+00,-1.254489183425903320e+00,-1.608014255762100220e-01,-8.389578819274902344e+00,1.332405116409063339e-02,-2.564385652542114258e+00,1.082856059074401855e+00,7.873924970626831055e-01,1.539189219474792480e+00,-1.301826685667037964e-01,-1.390441209077835083e-01,-7.732774615287780762e-01,-1.672516465187072754e-01,-3.424754738807678223e-02,3.647618532180786133e+00,-3.451275527477264404e-01,-8.580962568521499634e-02,7.532605528831481934e-02,1.069115757942199707e+00,-4.068630039691925049e-01,-1.491932511329650879e+00,-1.154039502143859863e-01,8.231518417596817017e-02,5.364249944686889648e-01,-4.203380107879638672e+00,-4.310873150825500488e-01,-1.929863542318344116e-01,5.980626344680786133e-01,-1.776086390018463135e-01,7.547355443239212036e-02,1.439090490341186523e+00,-4.002326488494873047e+00,-3.006614744663238525e-01,-1.154018640518188477e-01,-1.510982751846313477e+00,-5.263072624802589417e-02,-1.752086639404296875e+00,-5.015966415405273438e+00,-2.670961199328303337e-03,7.182489633560180664e-01,5.208482146263122559e-01,-1.992807984352111816e-01,2.101884931325912476e-01,-1.039685234427452087e-01,9.188153266906738281e+00,-1.385744214057922363e-01,2.016894102096557617e+00,-3.761913180351257324e-01,7.806163311004638672e+00,-1.795540452003479004e-01,-1.174732089042663574e+00,1.069135093688964844e+01,-4.305237531661987305e-01,-1.554637402296066284e-01,3.375152349472045898e-01
-2.877265773713588715e-02,1.448682546615600586e-01,-5.130089819431304932e-02,1.105656847357749939e-01,-6.352380663156509399e-02,8.926951885223388672e-02,1.117696613073348999e-01,-1.391501873731613159e-01,1.072810027835657820e-05,-1.963351517915725708e-01,1.263314783573150635e-01,8.673810958862304688e-02,-2.149935215711593628e-01,3.597084432840347290e-02,1.448255330324172974e-01,1.461530476808547974e-01,-1.414148807525634766e-01,1.289772242307662964e-01,6.843895651400089264e-03,1.301537007093429565e-01,1.564764603972434998e-02,-1.289899200201034546e-01,-9.817465394735336304e-02,-1.803059726953506470e-01,-4.949763417243957520e-02,-1.516270637512207031e-02,9.854730963706970215e-02,7.512339204549789429e-02,-8.685873448848724365e-02,-4.932454973459243774e-02,1.569789834320545197e-02,-2.684571743011474609e-01,-1.450815647840499878e-01,-1.279588639736175537e-01,1.236520409584045410e-01,6.285546720027923584e-02,3.880834439769387245e-03,7.610549032688140869e-02,5.975683405995368958e-02,7.969748228788375854e-02,6.726450473070144653e-02,-2.907347306609153748e-02,-5.738262459635734558e-02,-4.186149686574935913e-02,-9.877972304821014404e-02,-1.361863762140274048e-01,9.745795279741287231e-02,-4.058510437607765198e-02,-1.238228082656860352e-01,-8.184917271137237549e-02,9.924452751874923706e-02,4.807495325803756714e-02,-1.185512244701385498e-01,3.804047405719757080e-02,-1.653237938880920410e-01,-7.567206025123596191e-02,-2.915526740252971649e-03,-1.445763409137725830e-01,-1.908675208687782288e-02,-2.904336899518966675e-02,-3.499766811728477478e-02,-1.508801281452178955e-01,2.587266080081462860e-02,-2.636855840682983398e-02
1.063414663076400757e-01,-1.141867786645889282e-01,8.980427682399749756e-02,-1.482459306716918945e-01,1.387000083923339844e-01,7.554490119218826294e-02,-1.413400471210479736e-01,-1.493174284696578979e-01,7.434909045696258545e-02,1.295983940362930298e-01,1.353543996810913086e-02,3.404065966606140137e-02,2.118124067783355713e-02,1.148341894149780273e-01,1.391060650348663330e-01,1.152021139860153198e-01,-5.756959319114685059e-03,1.596375368535518646e-02,1.491489559412002563e-01,6.114406511187553406e-02,-6.668735295534133911e-02,9.472087025642395020e-03,7.273058593273162842e-02,2.676540426909923553e-02,1.297712773084640503e-01,5.382907390594482422e-02,1.677154302597045898e-01,5.399984121322631836e-02,1.329299211502075195e-01,1.426965463906526566e-02,-6.426227092742919922e-02,-1.105960682034492493e-01,9.421949088573455811e-02,-5.127003788948059082e-02,-1.720344573259353638e-01,1.742133349180221558e-01,5.101715773344039917e-02,-6.262262910604476929e-02,9.542416036128997803e-02,-9.552950412034988403e-02,-3.453277051448822021e-02,1.080821901559829712e-01,-5.634188652038574219e-03,5.357854068279266357e-02,-7.566057890653610229e-02,2.820748370140790939e-03,-1.480479687452316284e-01,3.399080038070678711e-02,-1.679645478725433350e-01,1.528361588716506958e-01,1.151876971125602722e-01,-5.479874461889266968e-02,1.244591325521469116e-01,6.303042918443679810e-02,9.606130421161651611e-02,6.296180933713912964e-02,1.506359428167343140e-01,1.012244075536727905e-01,1.723924279212951660e-02,1.008980721235275269e-01,-8.841890841722488403e-02,-5.062431097030639648e-03,2.491763234138488770e-02,5.623611807823181152e-02
-7.926911860704421997e-02,7.967977970838546753e-02,-2.645833231508731842e-02,1.747545152902603149e-01,-2.565802261233329773e-02,-2.796488702297210693e-01,-1.127675175666809082e-01,-1.315876841545104980e-01,-1.625481694936752319e-01,-5.597652867436408997e-02,-5.100573878735303879e-03,-2.811876535415649414e-01,-3.308721184730529785e-01,-4.490867629647254944e-02,2.573802368715405464e-03,5.911905784159898758e-03,-4.173820093274116516e-02,-8.434092998504638672e-02,4.694032296538352966e-02,7.598058879375457764e-02,2.030979841947555542e-01,-6.462185177952051163e-03,-9.188609570264816284e-02,-7.953400164842605591e-02,1.678516529500484467e-02,-1.281480193138122559e-01,-1.237214133143424988e-01,-2.526456490159034729e-03,-1.042379215359687805e-01,-2.031840384006500244e-02,1.667266190052032471e-01,-1.588852256536483765e-01,-1.504512429237365723e-01,3.111278265714645386e-02,-1.450110524892807007e-01,-2.260369062423706055e-01,1.248293444514274597e-01,-8.712878078222274780e-02,5.041715130209922791e-02,1.567565500736236572e-01,-1.733780652284622192e-01,-4.880435764789581299e-02,-1.938894987106323242e-01,-7.753524929285049438e-02,8.137106895446777344e-02,1.843654066324234009e-01,7.763889152556657791e-03,7.994423806667327881e-02,5.483158305287361145e-02,1.226209774613380432e-01,3.227858990430831909e-02,1.488126069307327271e-01,9.153983741998672485e-02,1.515500843524932861e-01,5.040613934397697449e-02,-5.340401828289031982e-02,1.359176784753799438e-01,-1.690284535288810730e-02,9.580306708812713623e-02,-1.236918419599533081e-01,-1.338378190994262695e-01,-8.730199933052062988e-02,-2.457820028066635132e-01,2.977565454784780741e-04
-1.647111773490905762e-02,2.236524075269699097e-01,8.107925951480865479e-02,8.614175021648406982e-02,-1.434017121791839600e-01,-6.680565327405929565e-02,3.757573664188385010e-02,4.450544342398643494e-02,-1.885373890399932861e-01,-1.893733739852905273e-01,-1.646801382303237915e-01,9.159366786479949951e-02,2.960041165351867676e-01,-1.366131156682968140e-01,-2.742094993591308594e-01,5.611763522028923035e-02,2.722887396812438965e-01,1.595930010080337524e-01,-1.833736896514892578e-01,-1.008417904376983643e-01,1.322547793388366699e-01,1.192997843027114868e-01,-1.112874820828437805e-01,-2.337500639259815216e-02,1.059269979596138000e-01,-5.724431946873664856e-02,1.397403031587600708e-01,-7.112785428762435913e-02,2.676756978034973145e-01,4.338553175330162048e-02,3.946807608008384705e-02,5.256646126508712769e-02,6.142089888453483582e-02,-1.002481356263160706e-01,8.831042051315307617e-02,-9.625644236803054810e-02,9.971915185451507568e-02,3.022248670458793640e-02,1.037768796086311340e-01,-7.418698817491531372e-02,-7.225762307643890381e-02,4.575368016958236694e-02,-4.864804446697235107e-02,1.381966564804315567e-02,-1.994442641735076904e-01,1.911650300025939941e-01,1.161892563104629517e-01,1.011173725128173828e-01,-2.363539785146713257e-01,8.232366293668746948e-02,1.309245228767395020e-01,-1.167681291699409485e-01,-5.894336104393005371e-02,5.943552777171134949e-02,1.004289463162422180e-01,-4.218849837779998779e-01,6.973897665739059448e-02,3.203832209110260010e-01,-2.411631047725677490e-01,1.234480813145637512e-01,-1.196750774979591370e-01,-1.395463645458221436e-01,2.308337390422821045e-01,1.636171340942382812e-01
-3.645909577608108521e-02,1.110967025160789490e-01,-2.498495876789093018e-01,-5.331966653466224670e-02,9.782925248146057129e-02,-3.702325001358985901e-02,-1.220390573143959045e-02,-1.184161677956581116e-01,-1.005332246422767639e-01,-1.147439926862716675e-01,3.506264090538024902e-02,3.149446472525596619e-02,-7.835090905427932739e-02,-1.239249669015407562e-02,-1.952241510152816772e-01,1.464494913816452026e-01,2.251656353473663330e-02,2.274222113192081451e-02,2.447903156280517578e-02,-2.521451096981763840e-04,-1.795928329229354858e-01,-1.053969189524650574e-01,-5.409871414303779602e-02,2.322231419384479523e-03,-1.151624694466590881e-01,1.598931662738323212e-02,1.207048445940017700e-01,4.331943392753601074e-02,-4.676579684019088745e-02,-1.704664975404739380e-01,-2.128746956586837769e-01,-1.553013026714324951e-01,-7.652494311332702637e-02,1.161606013774871826e-01,-2.837808616459369659e-02,-2.035484910011291504e-01,3.131038323044776917e-02,9.299496561288833618e-02,-1.251587271690368652e-01,-1.940395310521125793e-02,-1.244741231203079224e-01,-2.061025239527225494e-02,-7.375754415988922119e-02,1.444273442029953003e-01,2.379211224615573883e-02,-1.770755201578140259e-01,-9.632876515388488770e-02,-5.366659164428710938e-02,1.973263174295425415e-02,5.742897745221853256e-03,-4.363191872835159302e-02,4.987780749797821045e-02,-1.001481637358665466e-01,-1.891580224037170410e-02,5.783799663186073303e-02,1.259630322456359863e-01,-1.344380825757980347e-01,-2.745034098625183105e-01,9.194612503051757812e-02,-1.596983075141906738e-01,-1.550827324390411377e-01,6.793946027755737305e-02,1.024840772151947021e-01,-6.540288776159286499e-02
2.392360568046569824e-02,-7.460507005453109741e-02,-1.173277199268341064e-02,4.148260131478309631e-02,-9.727087616920471191e-02,3.860539570450782776e-02,1.223062574863433838e-01,6.879614293575286865e-02,-7.027250528335571289e-02,-1.475422531366348267e-01,1.606880724430084229e-01,-6.798650324344635010e-02,6.259187310934066772e-02,3.607531264424324036e-02,-5.773285403847694397e-03,4.698281735181808472e-02,-2.385547943413257599e-02,6.493224203586578369e-02,1.359474509954452515e-01,5.579370260238647461e-02,6.704357266426086426e-02,-2.900250069797039032e-02,6.662338972091674805e-02,-2.208761870861053467e-01,-1.315149813890457153e-01,2.881507854908704758e-03,-3.727576229721307755e-03,-8.387941867113113403e-02,3.884142031893134117e-03,1.015286669135093689e-01,7.268193364143371582e-02,3.524640202522277832e-02,-1.332387179136276245e-01,-6.788436323404312134e-02,4.066749662160873413e-02,1.278264820575714111e-01,7.589539140462875366e-02,-1.081295087933540344e-01,-4.856042563915252686e-03,1.546108908951282501e-02,1.516004353761672974e-01,1.489728838205337524e-01,-1.417101323604583740e-01,-1.849080771207809448e-01,-8.385265618562698364e-02,5.056333914399147034e-02,-1.341134160757064819e-01,1.067200377583503723e-01,-6.112496554851531982e-02,-6.782706081867218018e-02,-1.242872178554534912e-01,-5.802428722381591797e-02,1.339055746793746948e-01,6.881865113973617554e-02,1.486899107694625854e-01,-2.968506515026092529e-01,6.228109449148178101e-02,-4.917849227786064148e-02,1.111700758337974548e-01,-7.442859560251235962e-02,-1.093350648880004883e-01,-4.826659336686134338e-03,2.845947816967964172e-02,-1.293319165706634521e-01
-7.353346049785614014e-02,-2.862845957279205322e-01,-1.482927203178405762e-01,6.393128633499145508e-02,1.050801053643226624e-01,-4.767816141247749329e-02,2.663695514202117920e-01,1.672170162200927734e-01,-7.498270273208618164e-02,1.171025857329368591e-01,8.687722682952880859e-02,-1.342748701572418213e-01,-1.887412816286087036e-01,-4.092640057206153870e-02,-2.817843109369277954e-02,9.751996397972106934e-02,-1.575249619781970978e-02,-1.632073223590850830e-01,-1.606911420822143555e-01,5.603073909878730774e-02,1.732049882411956787e-01,-4.057716950774192810e-02,2.818239666521549225e-02,-1.271521002054214478e-01,9.724853932857513428e-02,1.029082387685775757e-01,1.333177685737609863e-01,1.321245282888412476e-01,-2.988926600664854050e-03,-1.436366736888885498e-01,-8.330659568309783936e-02,3.083828464150428772e-02,4.785032942891120911e-02,6.845325231552124023e-03,-4.100747779011726379e-02,7.043238729238510132e-02,-1.296195387840270996e-01,7.677927613258361816e-02,-7.820779085159301758e-02,5.568214133381843567e-02,1.831672042608261108e-01,-1.666427403688430786e-01,5.259533971548080444e-02,-1.224994137883186340e-01,7.365135848522186279e-02,8.792276680469512939e-02,8.665121346712112427e-02,5.602031946182250977e-03,9.117618948221206665e-02,-3.334815800189971924e-02,-1.903643310070037842e-01,1.294682323932647705e-01,-1.803751685656607151e-03,2.296287938952445984e-02,2.120992168784141541e-03,6.560228765010833740e-02,-1.234216541051864624e-01,2.152667045593261719e-01,1.438173931092023849e-02,5.459189787507057190e-02,7.461613416671752930e-02,-1.515953093767166138e-01,-2.818548120558261871e-02,2.502659568563103676e-03
-1.448094099760055542e-01,6.290932744741439819e-02,-4.773172736167907715e-02,1.766370981931686401e-02,4.103286936879158020e-02,-8.804788440465927124e-02,-1.282554268836975098e-01,4.929247125983238220e-02,-2.188003063201904297e-02,-6.146391853690147400e-02,1.330664902925491333e-01,2.191162668168544769e-02,1.725705116987228394e-01,-4.801378399133682251e-02,-7.779967039823532104e-02,-2.381748892366886139e-02,-9.986311197280883789e-02,1.754984557628631592e-01,-7.125719636678695679e-02,1.026199236512184143e-01,-1.162256971001625061e-01,1.073579583317041397e-02,1.171042472124099731e-01,-1.392952203750610352e-01,-3.577047958970069885e-02,1.535027474164962769e-01,3.076928295195102692e-02,-1.123211458325386047e-01,-2.857401408255100250e-02,-1.130771487951278687e-01,-1.072459369897842407e-01,-1.523357331752777100e-01,1.556130349636077881e-01,-1.668535917997360229e-01,8.266667276620864868e-02,-1.295394301414489746e-01,1.611381024122238159e-02,-3.957638889551162720e-02,2.597065642476081848e-02,3.570354729890823364e-02,-1.278297882527112961e-02,9.771776199340820312e-02,1.317852586507797241e-01,-1.124380230903625488e-01,1.659625321626663208e-01,2.388697117567062378e-02,-1.372037976980209351e-01,-6.402240693569183350e-02,1.635998040437698364e-01,1.448449045419692993e-01,-1.293818503618240356e-01,1.019835248589515686e-01,1.281642913818359375e-01,-9.166717529296875000e-02,-2.006495296955108643e-01,8.528262376785278320e-02,3.752777352929115295e-02,-5.882127210497856140e-02,-2.988323010504245758e-02,-1.387224048376083374e-01,-2.350218035280704498e-02,1.890353560447692871e-01,-4.261303320527076721e-02,-2.322134226560592651e-01
-1.325107514858245850e-01,-9.157158136367797852e-01,-1.852372735738754272e-01,1.508338093757629395e+00,3.506527468562126160e-02,-3.626003628596663475e-03,-2.858127839863300323e-02,1.905824780464172363e+00,1.932656764984130859e-01,-1.665366888046264648e+00,8.597505837678909302e-02,-9.416523575782775879e-02,-4.967008113861083984e+00,-2.472828924655914307e-01,-5.889928340911865234e-01,1.086418390274047852e+00,1.268869996070861816e+00,-2.299101829528808594e+00,-1.395059823989868164e-01,-1.122320666909217834e-01,3.465086519718170166e-01,-2.084287106990814209e-01,1.176001578569412231e-01,-2.686547040939331055e+00,-1.564330101013183594e+00,-1.005730405449867249e-01,1.831548288464546204e-02,-1.219387531280517578e+00,-7.506923377513885498e-02,-1.137825131416320801e+00,3.547415733337402344e-01,-1.627773195505142212e-01,1.495288610458374023e+00,-8.719999194145202637e-01,1.450502723455429077e-01,-2.061102166771888733e-02,1.810953915119171143e-01,-1.324600428342819214e-01,2.365736663341522217e-02,4.509114742279052734e+00,1.125624030828475952e-01,-2.144964486360549927e-01,-4.513498023152351379e-02,9.064396619796752930e-01,-5.813156366348266602e-01,1.286774277687072754e+00,-1.940408051013946533e-01,4.573972150683403015e-02,8.456934690475463867e-01,5.322740674018859863e-01,7.229221463203430176e-01,-2.652911245822906494e-01,-1.400251127779483795e-02,-1.241063714027404785e+00,2.243890427052974701e-03,-1.324553340673446655e-01,-6.035377457737922668e-02,-7.757412791252136230e-01,5.670956969261169434e-01,4.080610722303390503e-02,2.125973463058471680e+00,-1.472887694835662842e-01,-9.906896203756332397e-02,5.302244797348976135e-02
1.431947499513626099e-01,-6.800616741180419922e+00,8.680210709571838379e-01,-4.457962036132812500e+00,2.450314909219741821e-01,-1.923152208328247070e-01,-4.110292196273803711e-01,-8.307421207427978516e-01,-4.616229534149169922e+00,-3.641600847244262695e+00,1.437562704086303711e+00,-1.354813128709793091e-01,-3.707016944885253906e+00,8.036658167839050293e-02,4.027078628540039062e+00,3.364789485931396484e+00,-2.281695604324340820e+00,-8.229776382446289062e+00,-1.907274872064590454e-01,-8.526097536087036133e-01,-3.116881549358367920e-01,-1.421757191419601440e-01,2.199242822825908661e-02,-3.259996324777603149e-02,6.895490646362304688e+00,2.290353411808609962e-03,-1.532020121812820435e-01,-1.257781887054443359e+01,-2.155492315068840981e-03,1.917287260293960571e-01,2.405968606472015381e-01,-1.582759767770767212e-01,-1.617010116577148438e+00,-1.727991104125976562e-01,3.091326355934143066e-01,-1.769464015960693359e-01,2.084270954132080078e+00,1.253642886877059937e-01,4.239265620708465576e-02,1.132229518890380859e+01,-5.967785835266113281e+00,4.913966953754425049e-01,5.837766802869737148e-04,-2.296795606613159180e+00,-1.267192840576171875e+00,-3.180179595947265625e-01,-2.459239721298217773e+00,-1.396906673908233643e-01,8.798104286193847656e+00,-2.238188743591308594e+00,4.485804080963134766e+00,-1.015227508544921875e+01,-8.045224547386169434e-01,-8.103925585746765137e-01,-1.085127294063568115e-01,-4.706560134887695312e+00,-1.865690350532531738e-01,-1.341905474662780762e+00,1.810948014259338379e+00,-1.381727457046508789e+00,1.039893865585327148e+00,3.996005356311798096e-01,-4.684052169322967529e-01,-3.408440947532653809e-02
-1.395731568336486816e-01,-3.322038333863019943e-03,1.178905665874481201e-01,-1.133234724402427673e-01,-1.012450978159904480e-01,1.585936397314071655e-01,4.837902728468179703e-03,1.531578451395034790e-01,-1.511538922786712646e-01,-4.754784703254699707e-02,-8.987048268318176270e-02,3.005653619766235352e-03,1.749465614557266235e-01,-1.424878686666488647e-01,-9.420620650053024292e-02,-5.212439596652984619e-02,1.187784522771835327e-01,2.318314835429191589e-02,1.048421412706375122e-01,-1.298994719982147217e-01,-9.790447354316711426e-02,1.153046637773513794e-01,1.234297305345535278e-01,1.555027812719345093e-01,-2.712613344192504883e-02,4.626336693763732910e-02,3.045353293418884277e-02,1.192620620131492615e-01,-1.417656838893890381e-01,7.234496623277664185e-02,-1.048899590969085693e-01,-3.408929705619812012e-02,-4.172962903976440430e-02,-1.357209086418151855e-01,1.251989603042602539e-01,-1.420985609292984009e-01,2.190450206398963928e-02,4.730267822742462158e-02,8.985273540019989014e-02,-1.052601039409637451e-01,1.440547257661819458e-01,6.229974329471588135e-03,-6.900332868099212646e-02,3.293119370937347412e-02,-1.674257069826126099e-01,-9.281491488218307495e-02,-7.671692967414855957e-02,-4.016084969043731689e-02,1.454618722200393677e-01,-1.150553449988365173e-01,-6.428132206201553345e-02,-7.548522204160690308e-02,-8.783226460218429565e-02,8.789164572954177856e-02,-8.315071463584899902e-03,7.564221322536468506e-02,1.077566295862197876e-01,1.676773130893707275e-01,1.124403625726699829e-01,-1.197909936308860779e-01,-1.116700768470764160e-01,-1.155144795775413513e-01,7.146578282117843628e-02,1.750584989786148071e-01
-1.689748317003250122e-01,-5.716575980186462402e-01,-1.920579552650451660e+00,-7.993862628936767578e+00,-1.463431268930435181e-01,-1.906217634677886963e-01,-7.729326486587524414e-01,-1.884571909904479980e+00,2.092902362346649170e-02,1.622236728668212891e+00,-1.212693095207214355e+00,-3.629083633422851562e-01,-1.357985019683837891e+01,-2.237642109394073486e-01,-6.926577687263488770e-01,-1.080306172370910645e+00,-3.154584169387817383e+00,-6.359238147735595703e+00,3.436881303787231445e-02,-4.774087369441986084e-01,-7.023680806159973145e-01,-1.564503312110900879e-01,-2.576466798782348633e-01,1.305376768112182617e+00,-4.512584686279296875e+00,-1.453087199479341507e-02,-2.312795221805572510e-01,-6.208451271057128906e+00,-1.307946443557739258e-01,8.674038052558898926e-01,4.578174650669097900e-01,-2.440218180418014526e-01,4.285051226615905762e-01,-3.233549118041992188e+00,-8.074559211730957031e+00,6.066605821251869202e-02,4.496033191680908203e-01,-2.051997035741806030e-01,-1.403809487819671631e-01,-8.001790046691894531e-01,6.173118948936462402e-01,2.410177439451217651e-01,-1.178582897409796715e-03,2.176061868667602539e+00,7.428089380264282227e-01,4.173394739627838135e-01,-6.551325798034667969e+00,-8.989105932414531708e-03,-4.261370003223419189e-01,-1.491321809589862823e-02,-9.676347970962524414e-01,-7.247838377952575684e-01,-4.923807457089424133e-02,4.657855331897735596e-01,-1.431200504302978516e-01,-7.212032675743103027e-01,-3.324775695800781250e-01,-1.635099053382873535e+00,-1.814130544662475586e+00,5.128109455108642578e-01,-7.419329285621643066e-01,-5.392959341406822205e-02,-6.305496394634246826e-02,-5.986160039901733398e-01
9.019936621189117432e-02,-5.992738064378499985e-03,-1.082358602434396744e-02,1.402079015970230103e-01,4.593400808516889811e-04,-1.015324667096138000e-01,-1.377150118350982666e-01,-1.141473883762955666e-03,-9.363474696874618530e-02,-1.562636345624923706e-01,3.011930920183658600e-02,-1.731401830911636353e-01,8.786638081073760986e-02,5.010540038347244263e-02,-1.189886927604675293e-01,-1.155681014060974121e-01,6.213901191949844360e-02,1.017092987895011902e-01,1.117466688156127930e-01,-1.077293083071708679e-01,-7.940506935119628906e-02,-9.912415593862533569e-02,8.374766260385513306e-02,1.024758070707321167e-01,-8.405666798353195190e-02,-3.486590087413787842e-02,-1.069640517234802246e-01,5.953787639737129211e-02,-8.710163831710815430e-02,6.179399043321609497e-02,-1.274844557046890259e-01,-1.060122996568679810e-01,7.692369818687438965e-02,-1.305501163005828857e-01,-1.152019277215003967e-01,1.474793404340744019e-01,-1.808868497610092163e-01,1.611483991146087646e-01,-1.624466776847839355e-01,1.213614791631698608e-01,-8.778815716505050659e-02,-1.711520366370677948e-03,5.630677938461303711e-02,-1.830041706562042236e-01,1.155786141753196716e-01,1.118868142366409302e-01,8.994494378566741943e-02,-1.819831132888793945e-01,1.073346138000488281e-01,1.353802084922790527e-01,5.201736348681151867e-04,-5.459666252136230469e-02,3.215504065155982971e-02,2.750745415687561035e-02,-9.660000354051589966e-02,8.179505914449691772e-02,1.066057160496711731e-01,-2.291135191917419434e-01,9.630396962165832520e-02,-1.548220813274383545e-01,1.289880461990833282e-02,-1.582919359207153320e-01,-1.934063136577606201e-01,-1.943557709455490112e-01
-6.559754163026809692e-02,1.558665037155151367e+00,1.248725771903991699e+00,-5.952953815460205078e+00,-1.924937665462493896e-01,6.546135526150465012e-03,-2.129457294940948486e-01,1.167158246040344238e+00,2.868673503398895264e-01,-1.115569710731506348e+00,6.956207156181335449e-01,8.798813074827194214e-02,-4.611867904663085938e+00,-1.949245780706405640e-01,-4.089746475219726562e-01,-1.378775954246520996e+00,-1.781749010086059570e+00,-2.003755569458007812e+00,3.512577340006828308e-02,-2.959358096122741699e-01,-1.531955599784851074e-01,-6.853507459163665771e-02,-5.657921358942985535e-02,-1.255348205566406250e+00,-1.053616881370544434e+00,-1.028928682208061218e-01,3.746005520224571228e-02,1.048114299774169922e-01,1.581920683383941650e-02,-3.245710432529449463e-01,1.402366399765014648e+00,-4.528136923909187317e-02,-4.872887134552001953e-01,-4.308724880218505859e+00,-3.164252996444702148e+00,-3.478573858737945557e-01,6.530305743217468262e-01,4.402226954698562622e-02,3.668733686208724976e-02,-3.600643157958984375e+00,-5.878379940986633301e-01,6.893838047981262207e-01,-2.651468813419342041e-01,-1.951519250869750977e-01,-1.830551475286483765e-01,2.260429620742797852e+00,-1.070600003004074097e-01,-3.965860232710838318e-02,5.419566035270690918e-01,1.645548582077026367e+00,-5.483003139495849609e+00,-6.629814505577087402e-01,2.150192111730575562e-02,1.853469371795654297e+00,-9.255321323871612549e-02,-1.376663327217102051e+00,2.142090350389480591e-02,-6.268070936203002930e-01,-1.713915944099426270e+00,-7.969357967376708984e-01,-6.079809188842773438e+00,-7.634518146514892578e-01,-1.287121027708053589e-01,-4.547707140445709229e-01
-7.395747303962707520e-02,8.048310875892639160e-02,-2.341819554567337036e-02,-3.181101009249687195e-02,-1.365128308534622192e-01,2.089560590684413910e-02,1.054454967379570007e-01,7.564556598663330078e-02,2.410709671676158905e-02,5.811368301510810852e-02,-1.129226237535476685e-01,1.967488527297973633e-01,-5.031630024313926697e-02,8.790767192840576172e-02,-1.312354505062103271e-01,-1.080134138464927673e-01,2.336879633367061615e-02,1.465296447277069092e-01,-1.584560424089431763e-01,2.252977900207042694e-02,-8.723843842744827271e-02,1.016717106103897095e-01,-8.225791901350021362e-02,4.358807578682899475e-02,-1.292187422513961792e-01,1.130518466234207153e-01,4.488003253936767578e-02,5.114680528640747070e-02,1.959876418113708496e-01,1.118148267269134521e-01,1.547102481126785278e-01,-2.106974460184574127e-02,-1.688052862882614136e-01,-4.338735342025756836e-02,1.104628667235374451e-01,-4.863679409027099609e-02,-7.865781337022781372e-02,-1.057341322302818298e-01,1.093376874923706055e-01,-7.681796699762344360e-02,9.688561782240867615e-03,1.311037242412567139e-01,-1.200559362769126892e-01,3.735035890713334084e-03,1.014562249183654785e-01,1.164275128394365311e-02,-7.414928078651428223e-02,-1.840564459562301636e-01,1.152785420417785645e-01,2.490025609731674194e-01,-8.450996875762939453e-02,1.409633755683898926e-01,-3.894220804795622826e-03,7.533995807170867920e-02,-7.174611091613769531e-03,5.916416272521018982e-02,-1.540026664733886719e-01,3.900545090436935425e-02,-5.599030479788780212e-02,1.195904146879911423e-02,-1.260102689266204834e-01,8.032610267400741577e-02,1.241985429078340530e-02,2.393529191613197327e-02
-8.581958711147308350e-02,-6.801657676696777344e-01,-1.238578438758850098e+00,1.351060628890991211e+00,-2.711130678653717041e-01,-3.134681880474090576e-01,-2.618128359317779541e-01,4.546542644500732422e+00,2.528939545154571533e-01,-9.740749001502990723e-01,-3.107001073658466339e-02,-2.761183083057403564e-01,2.613395452499389648e+00,-1.643254309892654419e-01,-3.574872314929962158e-01,3.565235733985900879e-01,1.186540007591247559e+00,-4.268757343292236328e+00,-1.021322682499885559e-01,-2.698586881160736084e-01,-1.107558846473693848e+00,-3.134319484233856201e-01,1.148628722876310349e-02,1.073302626609802246e+00,-9.373884201049804688e+00,-1.193307563662528992e-01,-3.464982658624649048e-02,-8.045921325683593750e+00,-2.211249768733978271e-01,1.026638820767402649e-01,-9.900194168090820312e+00,-2.936035953462123871e-02,-5.570711567997932434e-02,7.911785840988159180e-01,6.371141970157623291e-02,-3.446313738822937012e-01,-1.458562254905700684e+00,-1.459926366806030273e-01,-2.025298178195953369e-01,5.086334347724914551e-01,-1.081400990486145020e+00,-1.004162654280662537e-01,-2.049233019351959229e-01,-6.678086757659912109e+00,2.377464920282363892e-01,1.240463733673095703e+00,-5.511593341827392578e+00,-2.006085216999053955e-01,3.479116782546043396e-02,6.100899577140808105e-01,1.852097868919372559e+00,-2.188794612884521484e+00,-1.464046239852905273e-01,1.509899854660034180e+00,3.075006790459156036e-02,5.999715253710746765e-02,-3.483825027942657471e-01,9.676406383514404297e-01,6.591367125511169434e-01,-1.765841102600097656e+01,6.048643589019775391e-01,-4.785962104797363281e-01,-2.196038663387298584e-01,-2.755019068717956543e-01
7.997094839811325073e-02,5.828726768493652344e+00,-5.354080796241760254e-01,2.158198118209838867e+00,5.360485240817070007e-02,-2.723557353019714355e-01,-9.539839625358581543e-02,-2.822788715362548828e+00,-2.305464506149291992e+00,-3.974924802780151367e+00,-4.032764434814453125e+00,-3.619565069675445557e-02,-8.700235366821289062e+00,2.328069676877930760e-04,-3.209922790527343750e+00,-8.490977287292480469e+00,-1.044743824005126953e+01,-1.078222560882568359e+01,-1.764214187860488892e-01,1.301112174987792969e-01,-4.725099086761474609e+00,-7.195437550544738770e-01,6.612774729728698730e-02,1.760010957717895508e+00,-2.266187191009521484e+00,2.242488041520118713e-02,-1.962135583162307739e-01,-1.659476161003112793e+00,1.829718351364135742e-01,-4.470061302185058594e+00,3.504639863967895508e-01,-7.726085186004638672e-02,3.645873665809631348e-01,-6.255884647369384766e+00,5.409521579742431641e+00,-1.201775670051574707e-01,-1.096918344497680664e+00,-4.096221923828125000e-02,2.609295770525932312e-02,1.633971571922302246e+00,-2.785302400588989258e+00,9.528305530548095703e-01,8.669726550579071045e-03,-7.934333801269531250e+00,-4.200598239898681641e+00,-1.897284746170043945e+00,-2.548708200454711914e+00,-1.939531713724136353e-01,1.751779794692993164e+00,-7.893838286399841309e-01,-3.883604049682617188e+00,-3.145906925201416016e+00,-3.113093972206115723e-02,-3.926555871963500977e+00,-1.141449138522148132e-01,-8.281090736389160156e+00,-1.016689836978912354e-01,-3.105036258697509766e+00,3.290713548660278320e+00,1.197087883949279785e+00,-9.298633575439453125e+00,-2.679959058761596680e+00,-4.192558303475379944e-02,-2.829539477825164795e-01
7.830066978931427002e-02,1.763432472944259644e-01,-3.863497823476791382e-02,-1.283192336559295654e-01,-2.786154113709926605e-02,-6.248244643211364746e-02,-4.100964590907096863e-02,-2.512109279632568359e-02,1.265076398849487305e-01,-1.454919725656509399e-01,-1.072252541780471802e-01,4.690865427255630493e-02,-6.434865295886993408e-02,-1.806461513042449951e-01,-6.709367781877517700e-02,-1.637231409549713135e-01,1.533420383930206299e-01,3.735188767313957214e-02,-1.186238676309585571e-01,1.655725985765457153e-01,1.276355981826782227e-01,-1.058816630393266678e-02,-9.643959999084472656e-02,-5.298443138599395752e-02,-6.177934631705284119e-02,-1.560762375593185425e-01,1.134851798415184021e-01,-1.799482703208923340e-01,1.677551269531250000e-01,1.204843819141387939e-01,-1.745225042104721069e-01,1.304797083139419556e-01,8.856963366270065308e-02,-1.093585640192031860e-01,9.611329436302185059e-02,-1.724283909425139427e-03,-1.633857935667037964e-01,9.158900380134582520e-02,-2.044881731271743774e-01,6.497719883918762207e-02,1.661391369998455048e-02,-2.316042408347129822e-02,-7.889900356531143188e-02,2.602979913353919983e-02,-1.934055052697658539e-02,1.628516316413879395e-01,7.595685869455337524e-02,1.196381822228431702e-01,-5.628948286175727844e-02,-2.922774851322174072e-01,7.307346910238265991e-02,-1.420388929545879364e-02,-3.202242404222488403e-02,-1.071752980351448059e-01,6.074209138751029968e-02,9.151676297187805176e-02,1.861733570694923401e-02,-2.225138060748577118e-02,4.509265720844268799e-02,-7.771728932857513428e-02,1.755611449480056763e-01,-1.145381405949592590e-01,5.842952802777290344e-02,-3.168166801333427429e-02
6.837633252143859863e-02,8.332384228706359863e-01,1.128307342529296875e+00,1.280296087265014648e+00,-1.242124959826469421e-01,-2.296542227268218994e-01,1.167301908135414124e-01,-1.899117851257324219e+01,-5.025776568800210953e-03,6.795122623443603516e-01,1.824796646833419800e-01,-3.404621034860610962e-02,-1.425708484649658203e+01,-1.902425736188888550e-01,1.146684169769287109e+00,3.626291751861572266e+00,-1.181787133216857910e+00,-9.657881408929824829e-02,-7.748617976903915405e-02,2.341917008161544800e-01,-1.394128036499023438e+01,5.734033137559890747e-02,-1.190923228859901428e-01,9.872259497642517090e-01,-3.172003507614135742e+00,-5.395315960049629211e-02,-1.089075766503810883e-02,1.462836563587188721e-01,-2.744696140289306641e-01,-1.996095925569534302e-01,2.118513733148574829e-01,-1.148397177457809448e-01,1.578582376241683960e-01,1.453173756599426270e+00,3.281058669090270996e-01,1.791266947984695435e-01,1.245758414268493652e+00,-7.962342351675033569e-02,4.800878092646598816e-02,2.770638227462768555e+00,9.444267749786376953e-01,-1.584481745958328247e-01,-1.324154585599899292e-01,1.177693963050842285e+00,2.354078367352485657e-02,-1.201275634765625000e+01,1.215602517127990723e+00,-1.818440109491348267e-01,1.410278975963592529e-01,-7.260025501251220703e+00,4.591744840145111084e-01,8.237891197204589844e-01,-3.889830084517598152e-03,7.134182453155517578e-01,-6.039378046989440918e-02,8.013343214988708496e-01,-3.856407105922698975e-02,6.981665492057800293e-01,-2.383560538291931152e-01,2.085055112838745117e-01,-5.723122119903564453e+00,1.148423552513122559e-01,-2.104904502630233765e-02,2.173288725316524506e-02
-3.109793923795223236e-02,3.230299651622772217e-01,7.327036857604980469e-01,-3.391294926404953003e-02,-4.247272014617919922e-02,5.688802152872085571e-02,-1.725227013230323792e-02,1.673798441886901855e+00,-2.182808816432952881e-01,-4.523131251335144043e-01,1.226229786872863770e+00,-3.104998469352722168e-01,-6.219277381896972656e+00,-6.000700220465660095e-02,-1.188252344727516174e-01,2.075542956590652466e-01,1.721361637115478516e+00,-2.208990573883056641e+00,1.990362070500850677e-02,1.183863207697868347e-01,-2.271510601043701172e+00,4.732917249202728271e-02,-5.651588737964630127e-02,-9.347680211067199707e-01,-2.705889940261840820e+00,-6.263818591833114624e-02,-2.540990710258483887e-01,2.829414367675781250e+00,-1.242844015359878540e-01,-3.006539046764373779e-01,-3.643735051155090332e-01,-5.715828016400337219e-02,7.965331673622131348e-01,-9.598643779754638672e-01,-5.111309289932250977e-01,-1.691476255655288696e-01,-1.002925515174865723e+00,-1.731620877981185913e-01,-6.731633841991424561e-02,3.072710335254669189e-01,3.262505769729614258e+00,4.247069358825683594e-01,-1.047835797071456909e-01,-2.782913684844970703e+00,1.531410694122314453e+00,-1.650691866874694824e+00,1.175831675529479980e+00,-1.152638643980026245e-01,1.275353878736495972e-01,1.503400087356567383e+00,-1.210313129425048828e+01,-3.224489986896514893e-01,-3.455971181392669678e-01,4.639868140220642090e-01,-5.047353729605674744e-02,-1.330593705177307129e+00,-1.287998445332050323e-02,-8.755309581756591797e-01,-8.532795310020446777e-01,7.073898911476135254e-01,-1.730587482452392578e+00,-1.996038317680358887e+00,-6.065814569592475891e-02,1.679630428552627563e-01
1.016127318143844604e-01,-1.727919727563858032e-01,-6.767982989549636841e-02,-5.103810131549835205e-02,1.711701601743698120e-01,1.060191914439201355e-01,3.287513926625251770e-02,1.690319031476974487e-01,8.990346640348434448e-02,1.307003349065780640e-01,-7.079049199819564819e-02,4.967433214187622070e-02,-7.671581953763961792e-02,4.700891301035881042e-02,-1.487694084644317627e-01,-1.549533847719430923e-02,1.698562651872634888e-01,-3.314571455121040344e-02,7.054582238197326660e-03,-6.176599115133285522e-02,1.442130655050277710e-01,1.212817579507827759e-01,-1.014035493135452271e-01,-4.825295507907867432e-02,-1.237895488739013672e-01,-1.154552996158599854e-01,1.356114894151687622e-01,1.510914564132690430e-01,6.395001709461212158e-02,-1.028233394026756287e-01,-4.193959757685661316e-02,4.446327686309814453e-02,-8.284662663936614990e-02,-3.590169548988342285e-02,4.922358691692352295e-02,7.666306197643280029e-02,-5.273604765534400940e-03,-1.467424333095550537e-01,-1.832753419876098633e-03,-1.163036823272705078e-01,-1.907096803188323975e-02,-1.676929891109466553e-01,3.340053558349609375e-02,-1.686993688344955444e-01,5.678839981555938721e-02,-1.111730411648750305e-01,7.719259709119796753e-02,6.325626373291015625e-02,-1.203683167695999146e-01,-1.615421921014785767e-01,-4.103510081768035889e-02,-1.573845446109771729e-01,1.588560193777084351e-01,-8.036253601312637329e-02,-3.962583839893341064e-02,-3.519987687468528748e-02,-4.688428342342376709e-02,-1.652278006076812744e-02,1.313371360301971436e-01,9.241074323654174805e-03,3.723276779055595398e-02,-1.724553704261779785e-01,-7.926322519779205322e-03,6.940084695816040039e-02
2.028574980795383453e-02,2.799127399921417236e-01,-4.126924574375152588e-01,7.345063686370849609e-01,1.078327298164367676e-01,-2.911585271358489990e-01,-4.665766060352325439e-01,-8.222451061010360718e-02,-1.576406657695770264e-01,-3.357227444648742676e-01,-8.579253554344177246e-01,-1.810532659292221069e-01,4.093847870826721191e-01,-2.008803784847259521e-01,-1.360758095979690552e-01,-1.518724411725997925e-01,4.514580667018890381e-01,7.629005610942840576e-02,-7.905401289463043213e-02,-7.171913981437683105e-02,2.809782326221466064e-01,-2.371104210615158081e-01,2.276434563100337982e-02,5.282276868820190430e-01,-1.574877202510833740e-01,-2.200233489274978638e-01,-8.415736258029937744e-02,-4.147191345691680908e-01,-8.355493843555450439e-02,1.095903962850570679e-01,-3.465801477432250977e-01,-2.166821211576461792e-01,-9.829641133546829224e-02,3.047212399542331696e-02,-1.669721603393554688e-01,-1.080499440431594849e-01,8.716344088315963745e-02,7.782772928476333618e-02,-2.056586891412734985e-01,-7.932615280151367188e-02,-2.890377938747406006e-01,1.333913654088973999e-01,-1.456563472747802734e-01,2.113006412982940674e-01,2.460283935070037842e-01,5.285812616348266602e-01,-2.218255549669265747e-01,1.148612275719642639e-01,-7.412713021039962769e-02,-3.259590864181518555e-01,1.104678660631179810e-01,1.644993945956230164e-02,-1.750753074884414673e-01,4.216833114624023438e-01,-2.026000805199146271e-02,-4.035136401653289795e-01,-3.078723847866058350e-01,-9.034520387649536133e-02,-4.675949513912200928e-01,1.079075783491134644e-01,-1.438225209712982178e-01,-5.303581953048706055e-01,-2.312383651733398438e-01,6.747837364673614502e-02
1.527132838964462280e-01,4.265581071376800537e-02,-3.190770745277404785e-03,-1.173499748110771179e-01,-8.183839172124862671e-02,1.974099874496459961e-02,-1.039493829011917114e-01,5.304403603076934814e-02,1.306382417678833008e-01,-1.863034069538116455e-02,-1.681325733661651611e-01,2.359519898891448975e-02,1.559538692235946655e-01,1.250517219305038452e-01,9.950183331966400146e-02,7.601602375507354736e-02,9.687305986881256104e-02,-1.366720199584960938e-01,-7.168757170438766479e-02,4.286974668502807617e-02,-1.602101176977157593e-01,1.682062596082687378e-01,6.165333092212677002e-02,-1.178225204348564148e-01,-1.308433711528778076e-01,-4.555395245552062988e-02,6.744140386581420898e-02,9.040521085262298584e-02,-1.436938196420669556e-01,1.576921790838241577e-01,5.981531739234924316e-02,-1.621315926313400269e-01,-1.741216033697128296e-01,1.440823078155517578e-02,-1.736682504415512085e-01,-1.518459022045135498e-01,-4.278741776943206787e-02,9.763111174106597900e-02,3.419411182403564453e-02,5.544897913932800293e-02,-9.079008549451828003e-02,1.210891176015138626e-02,1.647461950778961182e-02,-1.401510834693908691e-01,5.839850008487701416e-02,-1.355378180742263794e-01,1.086466386914253235e-01,-9.918873012065887451e-02,4.093807935714721680e-02,1.260095089673995972e-01,-1.586838513612747192e-01,-1.054529696702957153e-01,1.667745262384414673e-01,7.048419117927551270e-02,-1.239009425044059753e-01,1.370853781700134277e-01,2.081973850727081299e-02,-1.393848508596420288e-01,1.064410135149955750e-01,-1.743337363004684448e-01,-6.332129985094070435e-02,-8.170406520366668701e-02,-1.763472557067871094e-01,-2.531862258911132812e-02
-1.633718311786651611e-01,1.186168380081653595e-02,-6.004793569445610046e-02,-1.395633667707443237e-01,-1.255066692829132080e-01,-1.998589336872100830e-01,8.701107464730739594e-03,-7.344666868448257446e-02,3.118697926402091980e-02,-2.213788032531738281e-02,-9.004285931587219238e-02,-1.517728716135025024e-01,-1.890929341316223145e-01,-1.655214428901672363e-01,-3.722441196441650391e-02,-3.595260530710220337e-02,-1.700404137372970581e-01,1.280265152454376221e-01,5.799350142478942871e-02,-5.057775601744651794e-02,-3.918359428644180298e-02,-1.082905456423759460e-01,-2.009909898042678833e-01,-1.098934859037399292e-01,-1.592994779348373413e-01,-1.500324010848999023e-01,1.316160112619400024e-01,1.141927689313888550e-01,5.057677999138832092e-02,1.266997754573822021e-01,2.367167919874191284e-01,-1.629575937986373901e-01,-7.425036281347274780e-02,-1.799912750720977783e-01,1.711190119385719299e-02,-1.510033607482910156e-01,-6.108756363391876221e-02,-1.056664437055587769e-01,-9.821812063455581665e-02,-5.958164110779762268e-02,-1.118545383214950562e-01,-3.085195720195770264e-01,-1.859738230705261230e-01,-8.482139557600021362e-03,-7.244009524583816528e-02,4.630300030112266541e-02,-1.272470355033874512e-01,-1.523444056510925293e-01,-1.730103194713592529e-01,-1.074216812849044800e-01,-5.134345591068267822e-02,-1.048060655593872070e-01,1.647050976753234863e-01,1.261669993400573730e-01,-2.034056484699249268e-01,-7.089573144912719727e-02,-1.688707768917083740e-01,1.165899261832237244e-01,-1.020122393965721130e-01,7.825651764869689941e-02,1.324208974838256836e-01,-1.417711228132247925e-01,1.106904819607734680e-01,-1.459917277097702026e-01
-9.362561255693435669e-02,1.666080765426158905e-02,2.324700728058815002e-02,-1.817818880081176758e-01,-1.612278372049331665e-01,-6.433392316102981567e-02,1.321522891521453857e-01,-1.355588436126708984e-01,1.337772235274314880e-03,-2.627809997648000717e-03,-1.155049353837966919e-02,-1.714522689580917358e-01,2.134471237659454346e-01,8.673863857984542847e-02,-9.603193402290344238e-02,-1.075147688388824463e-01,-1.136849746108055115e-01,-9.473279118537902832e-02,-1.149759665131568909e-01,-9.226675331592559814e-02,-9.083116799592971802e-02,-1.000065878033638000e-01,-1.498158574104309082e-01,-4.212397709488868713e-02,-7.273044437170028687e-02,-8.946432918310165405e-02,-5.280690640211105347e-02,-4.700596630573272705e-02,7.410220801830291748e-02,9.904091060161590576e-02,-2.540990710258483887e-01,-6.646081805229187012e-02,-2.911226637661457062e-02,6.744160503149032593e-02,1.444770544767379761e-01,-1.570711284875869751e-01,1.948387175798416138e-02,4.342338815331459045e-02,7.668121159076690674e-02,4.669903591275215149e-02,1.039423979818820953e-02,-1.065139845013618469e-01,-1.758194416761398315e-01,1.018875315785408020e-01,2.683697268366813660e-03,1.671169996261596680e-01,-3.549019619822502136e-02,2.059345506131649017e-02,-7.935912162065505981e-02,-1.127438992261886597e-01,-1.699182987213134766e-01,-1.780733019113540649e-01,-4.542439710348844528e-03,1.018062233924865723e-01,-1.509224921464920044e-01,-1.497740447521209717e-01,5.089344084262847900e-02,-1.423194706439971924e-01,3.759038820862770081e-02,-1.172799021005630493e-01,3.033998608589172363e-01,-1.350971907377243042e-01,-1.076238602399826050e-01,-1.599079221487045288e-01
-1.474104821681976318e-01,-3.751894831657409668e-01,-6.233157515525817871e-01,-2.374351024627685547e-01,-2.115327268838882446e-01,-1.032608449459075928e-01,-1.851339936256408691e-01,2.506489992141723633e+00,1.161168143153190613e-01,6.881114244461059570e-01,-1.558714389801025391e+00,-1.081141531467437744e-01,-2.686201572418212891e+00,-1.874366775155067444e-02,-5.539401769638061523e-01,-2.620729446411132812e+00,-3.318020820617675781e+00,1.387036561965942383e+00,-8.949193358421325684e-02,-3.595751821994781494e-01,-1.292049884796142578e+00,-3.700168728828430176e-01,7.053858786821365356e-02,-2.283017635345458984e+00,-4.735481441020965576e-01,4.169899225234985352e-02,-2.149058580398559570e-01,4.600942730903625488e-01,-5.592150688171386719e-01,-6.863485574722290039e-01,-6.884681582450866699e-01,-5.069037526845932007e-02,-5.508770346641540527e-01,-8.005662918090820312e+00,-1.319591879844665527e+00,-2.566258609294891357e-01,3.337656557559967041e-01,-7.427602261304855347e-02,-2.515529692173004150e-01,-3.124723434448242188e+00,6.664887070655822754e-01,1.363650441169738770e+00,-1.361901909112930298e-01,8.703165054321289062e-01,7.432731986045837402e-01,2.372835576534271240e-01,-2.543364286422729492e+00,5.960139259696006775e-02,-1.315916776657104492e+00,8.888713717460632324e-01,8.107324838638305664e-01,1.335551500320434570e+00,-1.332070827484130859e-01,1.127156391739845276e-01,-1.666805297136306763e-01,-2.061556816101074219e+00,-2.738743722438812256e-01,-9.354016184806823730e-01,4.456639587879180908e-01,1.333608329296112061e-01,-1.736932277679443359e+00,-1.206748411059379578e-01,9.941024333238601685e-02,-3.901536166667938232e-01
-1.920231729745864868e-01,1.793489813804626465e+00,5.664153695106506348e-01,-2.891709804534912109e+00,1.840079389512538910e-02,-1.492952555418014526e-01,-2.155010849237442017e-01,4.176868915557861328e+00,8.254927396774291992e-02,5.723191261291503906e+00,5.264785289764404297e-01,-9.834796935319900513e-02,1.432961344718933105e+00,-1.116422042250633240e-01,-1.262489438056945801e+00,1.623404979705810547e+00,-4.855210892856121063e-03,-8.009857535362243652e-01,-1.851606667041778564e-01,-1.940843760967254639e-01,-5.376297950744628906e+00,-9.666165709495544434e-02,3.957919031381607056e-02,-9.012685418128967285e-01,-9.262876510620117188e-01,-1.053783819079399109e-01,-7.451708614826202393e-02,-1.498286128044128418e+00,-1.959758810698986053e-02,-7.996534109115600586e-01,-6.893099308013916016e+00,-3.422777727246284485e-02,-7.081966400146484375e-01,-6.914868950843811035e-01,2.516276761889457703e-02,-9.613855183124542236e-02,-2.848183512687683105e-01,1.653558574616909027e-02,-1.505942344665527344e-01,-3.430569887161254883e+00,3.641586542129516602e+00,1.156696155667304993e-01,-3.008919768035411835e-02,5.922722220420837402e-01,4.420505523681640625e+00,-5.384604454040527344e+00,-2.843338489532470703e+00,-2.278045564889907837e-02,5.598865747451782227e-01,3.262310028076171875e+00,-8.132971525192260742e-01,-9.395765662193298340e-01,9.056099504232406616e-02,8.909221291542053223e-01,-1.277105361223220825e-01,-2.983548879623413086e+00,-1.281999200582504272e-01,6.703901290893554688e-01,-1.994887590408325195e-01,-2.151380300521850586e+00,-2.481836795806884766e+00,-2.070455074310302734e+00,5.847175046801567078e-02,-5.634272694587707520e-01
-4.758046939969062805e-02,-9.550620913505554199e-01,-2.005731582641601562e+00,4.676080048084259033e-01,-2.341941893100738525e-01,1.904042251408100128e-02,-2.536406815052032471e-01,-3.180928707122802734e+00,-1.160166561603546143e-01,3.434831798076629639e-01,5.991873517632484436e-02,-2.308416962623596191e-01,-3.565976142883300781e+00,-2.261457741260528564e-01,3.186830878257751465e-01,-6.615251302719116211e-01,-3.336338996887207031e+00,8.630992174148559570e-01,-2.618175931274890900e-02,-2.113554626703262329e-01,-4.276531696319580078e+00,-4.111317396163940430e-01,-2.128012329339981079e-01,-2.292420148849487305e+00,-4.647892951965332031e+00,-1.817989349365234375e-01,-6.117337942123413086e-02,-6.218419671058654785e-01,-3.332726359367370605e-01,-1.264865279197692871e+00,3.464096546173095703e+00,-8.888556808233261108e-02,4.135153293609619141e-01,-5.103535652160644531e+00,1.315609067678451538e-01,-1.824741661548614502e-01,-3.179044961929321289e+00,-2.164697200059890747e-01,-1.442931126803159714e-02,-1.065356373786926270e+00,-9.020657278597354889e-03,-6.188941001892089844e-01,-1.106813177466392517e-01,-3.191769123077392578e+00,-4.973739385604858398e-01,-3.048219203948974609e+00,6.363734006881713867e-01,-1.549161821603775024e-01,4.590746462345123291e-01,-1.558135271072387695e+00,-8.468374252319335938e+00,-2.726253986358642578e+00,-1.201715245842933655e-01,3.334346115589141846e-01,-2.081537395715713501e-01,1.278622865676879883e+00,-2.024556398391723633e-01,2.059651464223861694e-01,-6.841485500335693359e-01,-6.568943977355957031e+00,-8.238556981086730957e-01,-9.077164649963378906e+00,-1.856017857789993286e-01,-2.143208310008049011e-02
1.537702828645706177e-01,-1.406901776790618896e-01,-1.799756139516830444e-01,6.250908225774765015e-02,2.401639074087142944e-01,3.932724148035049438e-02,1.730332821607589722e-01,1.023010760545730591e-01,1.126991063356399536e-01,1.582355350255966187e-01,1.897428631782531738e-01,1.685162186622619629e-01,-1.399070862680673599e-02,-6.582401692867279053e-02,-3.314964100718498230e-02,1.503149606287479401e-02,-1.912564039230346680e-04,-1.020030900835990906e-01,-1.374885886907577515e-01,5.460521951317787170e-02,-6.552762538194656372e-02,1.744204163551330566e-01,-9.241526573896408081e-02,1.383009459823369980e-02,-1.269529610872268677e-01,-8.155971020460128784e-02,-4.892556741833686829e-02,9.132108092308044434e-02,1.794304251670837402e-01,-2.184105664491653442e-01,-1.795328408479690552e-01,1.310489922761917114e-01,5.694364011287689209e-02,1.611936837434768677e-01,-3.597978968173265457e-03,1.559466570615768433e-01,7.088688015937805176e-02,2.633064985275268555e-02,5.895773693919181824e-02,-1.924851089715957642e-01,-1.340316087007522583e-01,1.831329078413546085e-03,-3.328935056924819946e-02,6.854353100061416626e-02,6.217762455344200134e-02,-6.583411991596221924e-02,1.022362783551216125e-01,-3.296570852398872375e-02,-5.142501741647720337e-02,-2.194193564355373383e-02,-4.527423903346061707e-02,6.990994443185627460e-04,-2.095081061124801636e-01,5.468276888132095337e-02,-5.446389317512512207e-03,2.275591343641281128e-01,1.443782821297645569e-02,9.386796504259109497e-02,-1.952862143516540527e-01,-9.328264743089675903e-02,1.527182757854461670e-02,2.844939706847071648e-03,-2.536127530038356781e-02,-1.221016347408294678e-01
6.886847317218780518e-02,1.959523081779479980e+00,1.110226511955261230e+00,7.593199610710144043e-02,-1.263010501861572266e-01,-1.453757733106613159e-01,-4.285052791237831116e-02,-1.065182590484619141e+01,-1.119094640016555786e-01,3.580460548400878906e+00,4.882920905947685242e-02,-2.719993889331817627e-01,-2.265359115600585938e+01,-1.813608855009078979e-01,1.935345292091369629e+00,7.562703609466552734e+00,1.082309007644653320e+00,3.096875190734863281e+00,1.049765720963478088e-01,-2.983289957046508789e-01,-9.058633804321289062e+00,-3.284842669963836670e-01,-1.144069433212280273e-01,-2.983672380447387695e+00,-1.365028262138366699e+00,-6.658057868480682373e-02,4.823107272386550903e-02,-1.381084632873535156e+01,7.284530252218246460e-02,-1.674661159515380859e+00,-1.604605615139007568e-01,-2.209834009408950806e-02,3.468632221221923828e+00,-3.303085565567016602e+00,1.083149433135986328e+00,-2.852943837642669678e-01,9.572285413742065430e-01,-2.347769774496555328e-02,-1.800523102283477783e-01,-1.110238313674926758e+00,1.104565858840942383e+00,1.857210695743560791e-02,-1.606436967849731445e-01,8.250395059585571289e-01,4.713312685489654541e-01,-1.194000720977783203e+01,1.427256107330322266e+00,-2.288937121629714966e-01,1.039909362792968750e+00,-1.729518508911132812e+01,4.019302845001220703e+00,1.266482830047607422e+00,-2.152469158172607422e-01,5.608333110809326172e+00,-1.226121261715888977e-01,2.287824898958206177e-01,-1.500342339277267456e-01,-2.975153684616088867e+00,-1.389201432466506958e-01,3.597639799118041992e+00,2.417697191238403320e+00,1.194963932037353516e+00,-3.391002491116523743e-02,-2.763950824737548828e-01
-8.098385483026504517e-02,-6.260678291320800781e+00,-1.503073453903198242e+00,8.338470458984375000e-01,-1.129063367843627930e-01,3.183656930923461914e-02,-5.164296627044677734e-01,1.556848138570785522e-01,-6.245607137680053711e-02,3.130359053611755371e-01,1.646121501922607422e+00,1.164993718266487122e-01,-1.841638755798339844e+01,-3.899424374103546143e-01,-4.132710456848144531e+00,-4.195292472839355469e+00,-9.198526382446289062e+00,6.806832551956176758e-01,-2.179798483848571777e-01,-2.763482034206390381e-01,-9.015396118164062500e+00,-1.780785173177719116e-01,-2.989559061825275421e-02,-5.814518928527832031e+00,-2.485048294067382812e+00,-1.913432329893112183e-01,-4.307296127080917358e-02,9.136466681957244873e-02,-4.340410232543945312e-01,-4.659562587738037109e+00,-1.154038548469543457e+00,1.593353971838951111e-02,-3.228865861892700195e-01,-5.442951679229736328e+00,8.033213019371032715e-01,-3.469566106796264648e-01,-7.014759778976440430e-01,7.880657166242599487e-02,-5.693456903100013733e-02,-5.102337837219238281e+00,3.333044648170471191e-01,-6.139844655990600586e-01,2.740067616105079651e-02,-1.366898044943809509e-02,6.620189547538757324e-01,-1.336995983123779297e+01,-5.621348619461059570e-01,3.681628778576850891e-02,-2.944071888923645020e-01,-2.218156623840332031e+01,-1.102735710144042969e+01,-6.893133521080017090e-01,-2.864561378955841064e-01,-1.117105126380920410e+00,7.044996321201324463e-02,6.623374819755554199e-01,-2.664621770381927490e-01,-2.925138711929321289e+00,-2.108538866043090820e+00,-2.021919250488281250e+00,1.408267319202423096e-01,-3.720418453216552734e+00,-4.396327957510948181e-02,-1.430572569370269775e-01
7.653678953647613525e-02,-1.945043504238128662e-01,-1.511764377355575562e-01,1.155040040612220764e-01,-8.267294615507125854e-03,-4.350897297263145447e-02,7.017685472965240479e-02,1.437721550464630127e-01,4.271732177585363388e-03,1.533671841025352478e-02,-5.469363182783126831e-02,-4.059191793203353882e-02,1.102541573345661163e-02,1.867816746234893799e-01,7.001172751188278198e-02,1.581322848796844482e-01,-1.731561124324798584e-02,-1.064495444297790527e-01,-9.612895548343658447e-02,-1.126513183116912842e-01,4.272136837244033813e-02,1.471291631460189819e-01,3.354737162590026855e-02,-9.916002303361892700e-02,-1.347428411245346069e-01,-1.816025376319885254e-01,1.215157657861709595e-01,6.867446005344390869e-02,-4.297851771116256714e-02,-1.100957840681076050e-01,-1.617843843996524811e-02,-1.305676400661468506e-01,1.345531046390533447e-01,9.619863331317901611e-02,2.989106997847557068e-02,-1.640286892652511597e-01,-1.075464636087417603e-01,-1.075558140873908997e-01,4.561423510313034058e-02,5.492617376148700714e-03,-1.139838248491287231e-01,2.286629192531108856e-02,-1.835255920886993408e-01,-3.597670583985745907e-04,-6.385387480258941650e-02,8.902178704738616943e-02,-7.288137823343276978e-02,3.214265406131744385e-02,-5.922305956482887268e-02,8.037137985229492188e-02,-2.539876848459243774e-02,1.251959204673767090e-01,-7.649635523557662964e-02,-9.787011146545410156e-02,-1.593899726867675781e-01,1.070346087217330933e-01,-1.178965643048286438e-01,4.717961698770523071e-02,-1.429120451211929321e-02,5.082360655069351196e-02,1.827589049935340881e-02,1.249017342925071716e-01,5.897994339466094971e-02,9.808023273944854736e-02
-1.116268634796142578e-01,-1.749087452888488770e+00,1.173174977302551270e+00,-3.823693513870239258e+00,-1.125913411378860474e-01,-1.702437102794647217e-01,-8.855297416448593140e-02,-7.270527482032775879e-01,9.462190419435501099e-02,-4.288703203201293945e-01,-9.600712656974792480e-01,-4.294008389115333557e-02,-3.359338760375976562e+00,-2.956574857234954834e-01,6.118121743202209473e-01,-8.486853837966918945e-01,-1.490685790777206421e-01,1.668338418006896973e+00,-2.494399547576904297e-01,-4.511728882789611816e-01,4.279680252075195312e+00,-3.723309934139251709e-01,-4.437096044421195984e-02,-6.053642630577087402e-01,-6.522454023361206055e-01,-2.271725982427597046e-01,-8.099273592233657837e-02,-8.007152676582336426e-01,-3.395228087902069092e-01,-6.604057550430297852e-01,3.242861032485961914e-01,-2.630439400672912598e-01,-1.020895600318908691e+00,1.846838593482971191e+00,-3.838272690773010254e-01,1.659535057842731476e-02,1.268429160118103027e+00,-1.614587008953094482e-02,-4.267688468098640442e-02,2.862306237220764160e-01,5.881380438804626465e-01,3.061674535274505615e-01,-1.003851667046546936e-01,-1.997327655553817749e-01,-2.904061317443847656e+00,-1.190534114837646484e+00,4.972818493843078613e-01,2.269457327201962471e-03,1.019398331642150879e+00,-7.423048973083496094e+00,-6.727204799652099609e+00,1.125161409378051758e+00,-7.147080451250076294e-02,-1.304092764854431152e+00,-1.452933698892593384e-01,-2.800549983978271484e+00,4.639536142349243164e-02,-4.827843904495239258e-01,3.245593607425689697e-01,3.932504653930664062e-01,-2.407419085502624512e-01,3.357707023620605469e+00,-2.165152132511138916e-02,-5.413518548011779785e-01
-1.379605829715728760e-01,-1.985802501440048218e-01,9.171527624130249023e-02,-1.499697715044021606e-01,-1.089839339256286621e-01,-1.574740000069141388e-02,1.590065509080886841e-01,-2.014137357473373413e-01,-6.398137658834457397e-02,-1.005028709769248962e-01,-1.516344584524631500e-02,1.706025153398513794e-01,-1.182753518223762512e-01,-8.357609808444976807e-02,-1.254721134901046753e-01,1.508525609970092773e-01,1.090599372982978821e-01,-1.212068945169448853e-01,-1.732956469058990479e-01,1.660231687128543854e-02,-2.154740989208221436e-01,-1.053028255701065063e-01,-2.185571193695068359e-02,-2.094212733209133148e-02,1.388275176286697388e-01,-5.170168355107307434e-02,5.223594605922698975e-03,-9.833045303821563721e-03,-2.073465287685394287e-01,1.660100370645523071e-01,3.098555654287338257e-02,-2.049791216850280762e-01,-1.191869974136352539e-01,7.735934108495712280e-02,-3.913230821490287781e-02,-6.732579320669174194e-02,5.364421755075454712e-02,-3.289839625358581543e-02,3.511363640427589417e-02,5.058872699737548828e-02,1.084985658526420593e-01,-9.405748546123504639e-02,1.004269272089004517e-01,1.300957202911376953e-01,-1.167154908180236816e-01,5.749776959419250488e-02,-1.633119583129882812e-02,1.189172416925430298e-01,-2.198183536529541016e-02,-1.450846344232559204e-01,-1.163540855050086975e-01,8.385305851697921753e-02,1.347518116235733032e-01,-3.342844173312187195e-02,4.734682664275169373e-02,-4.581974074244499207e-02,6.795492768287658691e-02,1.548833250999450684e-01,1.568376868963241577e-01,-7.574358582496643066e-02,-9.777200967073440552e-02,-2.185635566711425781e-01,6.854256242513656616e-02,-1.922227442264556885e-01
-4.379212856292724609e-02,1.660829484462738037e-01,-9.232013672590255737e-02,-6.129224598407745361e-02,7.949164509773254395e-02,-1.762916147708892822e-02,1.283033639192581177e-01,-3.044548258185386658e-02,6.977368146181106567e-02,-2.479744106531143188e-01,-1.178680881857872009e-01,2.092736773192882538e-02,-2.407215535640716553e-02,-1.345147937536239624e-01,-4.643324017524719238e-02,-1.167487725615501404e-01,-2.506085485219955444e-02,4.870988801121711731e-02,1.206345409154891968e-01,-1.364180594682693481e-01,3.277086839079856873e-02,7.832020521163940430e-02,-4.805144667625427246e-02,1.252303719520568848e-01,-1.315098404884338379e-01,-1.632007658481597900e-01,8.872504346072673798e-03,1.206333860754966736e-01,1.639318317174911499e-01,1.192633062601089478e-01,5.065868794918060303e-02,-1.597029566764831543e-01,1.078489422798156738e-01,-9.625393897294998169e-02,-1.775493472814559937e-01,-8.089084178209304810e-02,-1.157956663519144058e-02,-1.073312461376190186e-01,-1.811778247356414795e-01,-4.441279172897338867e-02,4.282356053590774536e-02,-8.728947490453720093e-03,-3.944295644760131836e-02,-1.703093200922012329e-01,-3.735906258225440979e-02,-4.888571053743362427e-02,-1.049028858542442322e-01,8.008360117673873901e-02,1.091065779328346252e-01,5.913297086954116821e-02,7.435596734285354614e-02,5.908899754285812378e-02,-3.365554288029670715e-02,1.013043597340583801e-01,-7.561072707176208496e-02,1.141765490174293518e-01,-1.470309048891067505e-01,1.592530757188796997e-01,5.806816741824150085e-02,1.311766207218170166e-01,1.289512664079666138e-01,-1.256046146154403687e-01,8.460392802953720093e-02,1.305432617664337158e-01
6.993979215621948242e-02,-1.095754027366638184e+00,1.451913267374038696e-01,9.483166337013244629e-01,-1.427205502986907959e-01,-1.604100465774536133e-01,-1.810588389635086060e-01,-8.936038017272949219e+00,5.469384416937828064e-02,2.324773967266082764e-01,-6.403414249420166016e+00,7.463020086288452148e-02,-1.544654488563537598e+00,1.143006701022386551e-02,1.874642968177795410e+00,-1.640257835388183594e+00,-7.913898229598999023e-01,-1.744354844093322754e+00,3.524387627840042114e-02,-3.790869116783142090e-01,-3.226366281509399414e+00,5.406738258898258209e-03,-1.004197299480438232e-01,5.160391926765441895e-01,6.381426453590393066e-01,-1.654136553406715393e-02,-2.168608158826828003e-01,-8.305469512939453125e+00,1.181881204247474670e-01,6.015231087803840637e-02,1.185152292251586914e+00,-8.555289357900619507e-02,8.597502112388610840e-01,1.305010676383972168e+00,2.547785639762878418e-01,2.851333469152450562e-02,-5.627598166465759277e-01,-1.351396143436431885e-01,-2.283208668231964111e-01,-2.253966331481933594e+00,3.347889482975006104e-01,1.421349346637725830e-01,-1.299439072608947754e-01,2.638392925262451172e+00,2.631619274616241455e-01,-2.219274193048477173e-01,-6.975445151329040527e-01,-1.506868600845336914e-01,-3.841867670416831970e-02,1.579993963241577148e-01,-8.674058318138122559e-01,2.690073847770690918e-01,-7.000358700752258301e-01,-1.492129117250442505e-01,3.184510767459869385e-02,1.963930428028106689e-01,-3.570896983146667480e-01,1.017331928014755249e-01,-6.658448278903961182e-02,3.084604024887084961e+00,2.684917926788330078e+00,9.797857403755187988e-01,-4.752610623836517334e-01,2.054401934146881104e-01
-5.568614602088928223e-02,-6.412481516599655151e-02,1.347050219774246216e-01,-2.203066833317279816e-02,-1.148509979248046875e-01,-9.531865268945693970e-02,-7.735171914100646973e-02,-1.281917691230773926e-01,-1.128971483558416367e-02,1.331162750720977783e-01,1.165690422058105469e-01,6.814888864755630493e-02,-1.109358146786689758e-01,1.127489134669303894e-01,3.556273505091667175e-02,7.130206376314163208e-02,6.388833746314048767e-03,-1.622407734394073486e-01,-2.911525964736938477e-02,-1.029294580221176147e-01,-4.489923268556594849e-02,6.753171235322952271e-02,1.347019523382186890e-01,-1.761008650064468384e-01,-4.546658694744110107e-02,-8.729057759046554565e-02,1.589278727769851685e-01,1.108875125646591187e-01,4.741306602954864502e-02,3.118057847023010254e-01,-1.349726021289825439e-01,6.129638850688934326e-02,-1.705697923898696899e-01,-2.508145570755004883e-02,-7.987460494041442871e-02,6.341386586427688599e-02,4.904591292142868042e-02,-1.559404935687780380e-02,-5.257994681596755981e-02,-1.703182607889175415e-02,1.661664545536041260e-01,1.300256699323654175e-01,1.640350222587585449e-01,-1.043123602867126465e-01,9.830392152070999146e-02,-4.339331015944480896e-02,-1.007641777396202087e-01,1.577983945608139038e-01,-1.331662088632583618e-01,-6.534360349178314209e-03,-7.824906706809997559e-02,-6.199005525559186935e-03,1.193336397409439087e-01,-1.568610966205596924e-01,-7.404299080371856689e-02,-1.853066086769104004e-01,8.530956506729125977e-02,1.800564527511596680e-01,1.304266899824142456e-01,-4.720409214496612549e-02,5.855792388319969177e-02,-1.723894476890563965e-01,-2.092533260583877563e-01,-1.845287345349788666e-02
-9.153014421463012695e-02,-8.734402656555175781e-01,5.293151140213012695e-01,5.834241509437561035e-01,-1.200264915823936462e-01,9.452064335346221924e-02,-2.183778733015060425e-01,1.024546718597412109e+01,-6.358516216278076172e-02,8.847958445549011230e-01,-3.686468303203582764e-01,1.109285186976194382e-02,-1.238107776641845703e+01,1.395929902791976929e-01,-6.390277862548828125e+00,8.956870436668395996e-01,-3.221361875534057617e+00,6.950272321701049805e-01,-3.098599985241889954e-02,1.214631274342536926e-01,-4.599898815155029297e+00,-1.045292615890502930e-02,-6.305614858865737915e-02,-3.341047525405883789e+00,-5.952288508415222168e-01,-1.099839136004447937e-01,-1.552367657423019409e-01,-5.711785554885864258e-01,-1.728010177612304688e-01,-4.638805091381072998e-01,-2.346742153167724609e+00,-7.638335227966308594e-03,-8.603692799806594849e-02,9.639942049980163574e-01,9.639406800270080566e-01,-2.746353745460510254e-01,-3.899627923965454102e-01,-5.090409517288208008e-02,-1.268389821052551270e-02,-1.821963429450988770e+00,4.500650465488433838e-01,-6.847844272851943970e-02,-6.680692732334136963e-02,-1.317239284515380859e+00,-2.105934321880340576e-01,-1.311198425292968750e+01,-3.173044025897979736e-01,-1.843561679124832153e-01,8.972666263580322266e-01,-8.126579284667968750e+00,5.463584065437316895e-01,4.872568547725677490e-01,-8.956970274448394775e-02,9.467763900756835938e-01,9.600777179002761841e-02,-4.221997410058975220e-02,-4.321836233139038086e-01,-1.716981887817382812e+00,1.392239212989807129e+00,8.034180998802185059e-01,-7.757861614227294922e-01,-2.446539402008056641e+00,9.831320494413375854e-02,-1.287115663290023804e-01
-1.064040660858154297e-01,4.285623073577880859e+00,6.804954409599304199e-01,-5.482289314270019531e+00,-7.374797482043504715e-03,2.070993557572364807e-02,-1.501930505037307739e-01,-1.114321899414062500e+01,-9.163473732769489288e-03,2.696437537670135498e-01,8.177695274353027344e-01,-1.607388854026794434e-01,-3.444850158691406250e+01,1.183807402849197388e-01,2.009866714477539062e+00,-2.856351137161254883e+00,7.226336956024169922e+00,6.428180217742919922e+00,-1.924732774496078491e-01,-3.110560178756713867e-01,-1.777905654907226562e+01,4.196776135358959436e-04,2.780942805111408234e-02,4.284659862518310547e+00,-3.326639890670776367e+00,-2.354513481259346008e-02,8.696726709604263306e-02,2.211157798767089844e+00,-2.186270058155059814e-01,-2.196960449218750000e+00,3.556906938552856445e+00,-3.747316300868988037e-01,-2.360569715499877930e+00,9.659296989440917969e+00,3.502489328384399414e-01,-1.006177365779876709e-01,1.261868119239807129e+00,1.154988184571266174e-01,-9.725612401962280273e-02,-7.046143531799316406e+00,1.064436554908752441e+00,-8.565522432327270508e-01,-1.389318257570266724e-01,1.652196526527404785e+00,-1.385908424854278564e-01,-1.181407833099365234e+01,7.418130636215209961e-01,-2.590060234069824219e-02,8.352240920066833496e-01,-6.348263263702392578e+00,-6.922982215881347656e+00,-3.715775489807128906e+00,-1.085354685783386230e-01,1.628381609916687012e-01,-1.792959868907928467e-01,6.867422461509704590e-01,-7.057505846023559570e-02,-1.664904832839965820e+00,7.080663442611694336e-01,-1.595762729644775391e+00,-2.309165954589843750e+00,-1.672098159790039062e+00,-1.574148535728454590e-01,-2.977066040039062500e-01
-1.200638562440872192e-01,-4.095332324504852295e-02,7.725081592798233032e-02,4.244533926248550415e-02,1.767973601818084717e-01,-1.994569972157478333e-02,1.027909517288208008e-01,1.108022481203079224e-01,-7.152255624532699585e-02,-1.544980704784393311e-02,1.349524222314357758e-02,1.030076295137405396e-01,-6.681554950773715973e-03,-1.744148284196853638e-01,-2.098713666200637817e-01,1.497732698917388916e-01,-1.808832585811614990e-02,-8.887904882431030273e-02,-1.206059381365776062e-01,1.059995591640472412e-01,-2.081876099109649658e-01,1.597355753183364868e-01,-9.616389870643615723e-03,-1.185017079114913940e-01,-6.987504661083221436e-02,-5.762675404548645020e-02,3.720518201589584351e-02,9.625213593244552612e-02,-1.709796339273452759e-01,-1.290665417909622192e-01,-7.412102073431015015e-02,3.680899739265441895e-02,-3.986616432666778564e-02,-1.045511960983276367e-01,-8.187239617109298706e-02,2.241119742393493652e-03,1.871896535158157349e-02,1.357283145189285278e-01,1.212056130170822144e-01,3.534132242202758789e-02,-6.879169028252363205e-03,1.520376205444335938e-01,1.102741211652755737e-01,2.701223455369472504e-02,5.469386652112007141e-02,1.001684367656707764e-01,-1.128915920853614807e-01,-1.139874160289764404e-01,1.445272713899612427e-01,-2.160793691873550415e-01,9.204016625881195068e-02,1.361785233020782471e-01,-1.671255677938461304e-01,-5.186319351196289062e-02,2.567750215530395508e-02,4.797832295298576355e-02,5.965527892112731934e-02,-3.074271604418754578e-03,-9.799567051231861115e-03,4.403240978717803955e-02,6.762561202049255371e-02,6.874223053455352783e-02,-1.226249858736991882e-01,-1.747573912143707275e-01
-1.629078090190887451e-01,1.305049300193786621e+00,2.365403324365615845e-01,-6.580646634101867676e-01,2.000938355922698975e-02,-1.998540908098220825e-01,-3.118035793304443359e-01,9.482660293579101562e-01,-2.215361036360263824e-02,-3.174873888492584229e-01,1.367296695709228516e+00,-2.605493962764739990e-01,-6.809013366699218750e+00,-1.705540418624877930e-01,-1.047779750823974609e+01,-1.007404994964599609e+01,-6.616932868957519531e+00,-2.765570878982543945e+00,-4.279157891869544983e-02,-4.172119200229644775e-01,-4.514006525278091431e-02,-5.055356398224830627e-02,-1.547528505325317383e-01,3.185703158378601074e-01,-2.648337841033935547e+00,-5.282393097877502441e-02,-1.459117233753204346e-01,-2.171058893203735352e+00,6.915094703435897827e-02,-1.085890769958496094e+00,1.907384991645812988e-01,-1.375246676616370678e-03,-6.939917564392089844e+00,4.326241612434387207e-01,-6.497553348541259766e+00,-7.127918303012847900e-02,-3.444927930831909180e-02,3.777581825852394104e-02,-3.310477733612060547e-02,-3.093484640121459961e+00,1.879626214504241943e-01,-9.753799438476562500e-01,-7.958809286355972290e-02,-1.378292202949523926e+00,2.318061515688896179e-02,7.847945094108581543e-01,-4.880136013031005859e+00,-2.507499419152736664e-02,-1.767596155405044556e-01,1.405184417963027954e-01,-3.665848493576049805e+00,-5.893812179565429688e-01,5.200968310236930847e-02,-8.224148303270339966e-02,6.324046850204467773e-02,1.077042460441589355e+00,-1.735726371407508850e-02,-2.302648305892944336e+00,-3.030874967575073242e+00,2.505912780761718750e-01,-3.573661804199218750e+00,3.139726519584655762e-01,-4.446851462125778198e-02,-3.546023964881896973e-01
-8.541107177734375000e-02,5.568407103419303894e-02,1.877038925886154175e-01,-1.742202937602996826e-01,1.063892319798469543e-01,-1.457639336585998535e-01,1.542423516511917114e-01,8.332109451293945312e-02,-9.829631447792053223e-02,1.233253106474876404e-01,1.872390508651733398e-01,-4.177455231547355652e-02,-1.232764646410942078e-01,-1.043796911835670471e-01,1.286041922867298126e-02,2.339725382626056671e-02,-1.613099128007888794e-01,-2.882638946175575256e-02,-1.409170180559158325e-01,-1.045589372515678406e-01,-9.963493049144744873e-02,1.183301582932472229e-01,-4.825408011674880981e-02,1.494653224945068359e-01,-5.593257397413253784e-02,1.129391789436340332e-02,1.673699542880058289e-02,-3.195466473698616028e-02,-1.989238113164901733e-01,1.246047466993331909e-01,6.599289178848266602e-02,-1.355536282062530518e-01,-6.990066170692443848e-02,-1.060646027326583862e-01,9.568465501070022583e-02,6.531581282615661621e-02,7.967966049909591675e-02,5.302978307008743286e-02,-9.039285033941268921e-02,7.591748982667922974e-02,3.723266720771789551e-02,-9.494267404079437256e-02,-5.556058511137962341e-02,9.009078890085220337e-02,-1.451309770345687866e-02,2.370824478566646576e-02,-2.329271659255027771e-02,-7.897160947322845459e-02,-1.206542551517486572e-02,-1.611520908772945404e-02,-5.439110100269317627e-04,9.385809302330017090e-02,1.351536363363265991e-01,-1.570653766393661499e-01,-6.228811293840408325e-02,-1.121637597680091858e-02,6.682686507701873779e-02,-4.548312630504369736e-03,8.326145261526107788e-02,1.603343635797500610e-01,-2.390011847019195557e-01,-2.773237787187099457e-02,4.012069851160049438e-02,-1.204952970147132874e-01
3.166393609717488289e-03,-1.725283451378345490e-02,-6.874735653400421143e-02,1.022354438900947571e-01,-1.431859880685806274e-01,-7.296798285096883774e-03,2.140671759843826294e-02,-2.700490355491638184e-01,-3.435703739523887634e-02,-6.304233521223068237e-02,1.377375274896621704e-01,2.866878360509872437e-02,-2.854632586240768433e-02,2.370623499155044556e-01,-3.373107686638832092e-02,-2.899092994630336761e-02,-1.724599003791809082e-01,9.386301785707473755e-02,-1.279579102993011475e-01,1.455951035022735596e-01,-2.688390612602233887e-01,8.521647751331329346e-02,1.356331557035446167e-01,-1.512284576892852783e-01,-1.428959369659423828e-01,-2.176678478717803955e-01,5.234046652913093567e-02,-1.353455036878585815e-01,-8.248832076787948608e-02,4.549614340066909790e-02,-1.512811779975891113e-01,1.118283569812774658e-01,1.274214237928390503e-01,-8.223997056484222412e-02,8.840393275022506714e-02,-1.336788851767778397e-02,6.837370456196367741e-04,-2.027015388011932373e-02,-1.582071930170059204e-01,-6.603891402482986450e-02,-1.669102460145950317e-01,-2.751709520816802979e-01,6.824680417776107788e-02,-1.686271876096725464e-01,4.507835954427719116e-02,2.601863443851470947e-02,8.240847289562225342e-02,-1.631587892770767212e-01,-5.684775486588478088e-02,-1.766886562108993530e-01,-1.020625680685043335e-01,6.870088726282119751e-02,1.633911430835723877e-01,-1.140521541237831116e-01,1.400792747735977173e-01,-1.465140581130981445e-01,-1.230027899146080017e-02,1.099892780184745789e-01,9.276837110519409180e-03,-1.350977718830108643e-01,-3.994173184037208557e-02,9.564277529716491699e-02,-3.104034364223480225e-01,3.327085822820663452e-02
-1.425228416919708252e-01,-2.193194627761840820e-01,1.727339439094066620e-02,-1.651816725730895996e+00,-2.662261128425598145e-01,-4.611406475305557251e-03,-2.926611304283142090e-01,6.571734547615051270e-01,2.711194276809692383e+00,-2.774230837821960449e-01,-2.115539908409118652e-01,-4.108468070626258850e-02,6.867910623550415039e-01,-8.259186893701553345e-02,1.268342435359954834e-01,-7.343974709510803223e-01,9.724202752113342285e-01,-9.953181743621826172e-01,-2.824323773384094238e-01,-1.114218682050704956e-01,3.524374961853027344e-01,-4.467047154903411865e-01,-1.533354520797729492e-01,1.546246856451034546e-01,1.739756762981414795e-01,-2.745201587677001953e-01,-1.995047628879547119e-01,-1.179253220558166504e+00,-4.823311865329742432e-01,2.473304718732833862e-01,4.779732227325439453e-01,-1.809727102518081665e-01,-6.534864425659179688e+00,1.090504508465528488e-02,2.071951776742935181e-01,-2.957782745361328125e-01,-4.435424506664276123e-02,-2.405365556478500366e-01,-3.532440587878227234e-02,-1.468705385923385620e-01,1.279543526470661163e-02,-1.402737945318222046e-01,-8.102131076157093048e-03,-4.172850549221038818e-01,4.042766243219375610e-02,1.616959422826766968e-01,-2.349925935268402100e-01,-1.077548339962959290e-01,-3.212019801139831543e-02,-2.931855022907257080e-01,-9.076523184776306152e-01,-3.636397123336791992e-01,-1.100277975201606750e-01,-3.498192131519317627e-01,-1.399518176913261414e-02,4.948468506336212158e-01,3.502233698964118958e-02,-6.909516334533691406e+00,-5.561949685215950012e-02,-2.274461090564727783e-01,-3.027200400829315186e-01,-4.246550798416137695e-01,-1.310213357210159302e-01,-2.767470777034759521e-01
-1.502877771854400635e-01,-1.131703567504882812e+01,-4.100943088531494141e+00,-4.672081172466278076e-01,9.550844132900238037e-02,-3.208697214722633362e-02,-1.283320039510726929e-01,3.385156631469726562e+00,8.650661259889602661e-02,1.289189577102661133e+00,9.055762737989425659e-02,-2.500123083591461182e-01,-3.183472156524658203e-01,-9.434419870376586914e-02,-5.623366832733154297e+00,-6.202843666076660156e+00,-1.641723752021789551e+00,-3.127772569656372070e+00,-6.516650319099426270e-02,3.163578212261199951e-01,-5.426052570343017578e+00,-3.561163842678070068e-01,-1.586312055587768555e-01,-1.108806037902832031e+01,-1.117972946166992188e+01,-1.248626187443733215e-01,-5.458573624491691589e-02,-5.575162172317504883e-01,-1.450134217739105225e-01,-3.208581507205963135e-01,1.369750857353210449e+00,1.831117901019752026e-03,-5.391529083251953125e+00,-3.938585996627807617e+00,-1.541628241539001465e+00,-1.381312608718872070e-01,-1.153045535087585449e+00,4.211983829736709595e-02,-3.814294468611478806e-03,-7.999889373779296875e+00,2.997384071350097656e+00,-1.072937369346618652e+00,-6.280390173196792603e-02,-1.056119680404663086e+00,2.705213069915771484e+00,4.435253441333770752e-01,-2.242989778518676758e+00,-1.038339138031005859e-01,-6.882718563079833984e+00,-8.490779995918273926e-01,-8.077577590942382812e+00,-2.790541350841522217e-01,-1.267804652452468872e-01,-6.764683127403259277e-01,-6.215806677937507629e-02,-2.499792098999023438e+00,-1.632668673992156982e-01,-9.471517801284790039e-01,-5.450170040130615234e-01,-1.452913999557495117e+00,3.442829847335815430e+00,-5.649656295776367188e+00,-1.458988804370164871e-02,-4.288741201162338257e-02
1.088845208287239075e-01,3.409979492425918579e-02,4.528305027633905411e-03,6.324404478073120117e-02,-1.097604185342788696e-01,-1.892374604940414429e-01,-8.376256376504898071e-02,2.218573987483978271e-01,1.594098806381225586e-01,-1.899737566709518433e-01,-9.342207014560699463e-02,-8.914721757173538208e-02,1.552416533231735229e-01,2.031316980719566345e-02,-3.260486945509910583e-02,-1.377475857734680176e-01,-8.672738820314407349e-02,-6.131441891193389893e-02,-1.648140698671340942e-02,-1.206399034708738327e-02,3.664746880531311035e-02,1.018443983048200607e-02,-1.638105809688568115e-01,1.420698016881942749e-01,-2.313075773417949677e-02,1.159629523754119873e-01,1.764399372041225433e-02,3.974105045199394226e-02,4.871836677193641663e-02,-1.460900306701660156e-01,2.438916591927409172e-03,8.100037276744842529e-02,9.948377311229705811e-02,9.162029251456260681e-03,-3.987324610352516174e-02,-9.132024645805358887e-02,1.047454327344894409e-01,-1.307972222566604614e-01,4.211647436022758484e-02,-5.565261095762252808e-02,4.811057820916175842e-02,9.827984869480133057e-02,-7.332140952348709106e-02,1.103641092777252197e-01,-5.216049030423164368e-02,-1.211774125695228577e-01,-6.652825325727462769e-02,-1.749588400125503540e-01,-5.185988545417785645e-02,1.708328425884246826e-01,1.619492918252944946e-01,-8.016400784254074097e-02,-4.664941504597663879e-02,1.191486138850450516e-02,1.502156108617782593e-01,1.774211041629314423e-02,3.673456236720085144e-02,3.645512834191322327e-02,2.439164519309997559e-01,1.052184477448463440e-01,-1.757572405040264130e-02,-8.536221832036972046e-02,-6.657151877880096436e-02,9.039907716214656830e-03
-2.145178914070129395e-01,6.069977879524230957e-01,5.222993493080139160e-01,2.348386049270629883e+00,-8.542234450578689575e-02,-2.223974280059337616e-02,-1.034602075815200806e-01,-2.694798851013183594e+01,-4.998448491096496582e-02,7.042065858840942383e-01,7.043474912643432617e-01,-2.909347414970397949e-01,-2.557564020156860352e+00,-1.304022967815399170e-01,-3.425884246826171875e+00,3.797848463058471680e+00,9.108484983444213867e-01,-1.454096913337707520e+00,-2.321527153253555298e-01,-4.125209450721740723e-01,-1.373058795928955078e+01,-5.330737829208374023e-01,7.836584746837615967e-02,-7.557947635650634766e-01,5.264458060264587402e-01,4.239835590124130249e-02,-1.927557438611984253e-01,4.501740336418151855e-01,-5.317993345670402050e-04,7.884762883186340332e-01,2.463504552841186523e+00,-2.015973180532455444e-01,1.666808009147644043e+00,-7.605894804000854492e-01,1.907599270343780518e-01,-1.710929162800312042e-02,1.431592583656311035e+00,-2.277989238500595093e-01,-1.233588606119155884e-01,5.820478796958923340e-01,1.025277376174926758e+00,-1.541120260953903198e-01,-1.349531710147857666e-01,1.532839059829711914e+00,9.615551829338073730e-01,-1.079101276397705078e+01,-3.255009651184082031e-01,-2.432412505149841309e-01,-2.732997834682464600e-01,-2.226148128509521484e+00,2.576328754425048828e+00,5.982233881950378418e-01,-2.280058562755584717e-01,-5.048195719718933105e-01,-4.221791401505470276e-02,1.692778348922729492e+00,-1.194512248039245605e-01,-1.022062778472900391e+01,-4.352316558361053467e-01,-8.325315475463867188e+00,8.298719525337219238e-01,1.253355264663696289e+00,2.837649360299110413e-02,-2.604689896106719971e-01
1.545048784464597702e-02,-1.588623166084289551e+00,-1.980679154396057129e+00,-3.315465211868286133e+00,-4.005835950374603271e-02,-1.783122271299362183e-01,-8.471210487186908722e-03,-1.634431183338165283e-01,1.223045364022254944e-01,3.878318548202514648e+00,1.194821715354919434e+00,8.748579770326614380e-02,1.037418127059936523e+00,-1.264766305685043335e-01,-7.702665328979492188e-01,-1.125019907951354980e+00,-3.060233965516090393e-02,-3.397617936134338379e-01,7.368775457143783569e-02,1.740092993713915348e-03,-4.607203006744384766e+00,1.196641400456428528e-01,-1.518688797950744629e-01,-1.166454195976257324e+00,-1.511790871620178223e+00,5.135107040405273438e-02,3.407419100403785706e-02,8.406895995140075684e-01,-2.643265426158905029e-01,2.371313124895095825e-01,-1.313980817794799805e+00,-1.004163827747106552e-02,-8.224986791610717773e-01,-4.725313663482666016e+00,-9.534735679626464844e-01,1.508630663156509399e-01,-1.257519364356994629e+00,6.585687398910522461e-02,-5.364038795232772827e-02,-1.326405882835388184e+00,2.667980194091796875e+00,-3.681111037731170654e-01,-1.826553791761398315e-02,6.679120063781738281e-01,3.583894014358520508e+00,4.138174057006835938e+00,-5.739105224609375000e+00,-1.067724600434303284e-01,-1.320236623287200928e-01,2.082363605499267578e+00,-1.001332283020019531e+00,-4.415749013423919678e-01,3.296859860420227051e-01,-1.828552037477493286e-01,7.074689865112304688e-02,-5.359705090522766113e-01,-6.580110639333724976e-02,-1.563158392906188965e+00,-2.125718832015991211e+00,1.411111831665039062e+00,1.307760596275329590e+00,-3.347113847732543945e+00,-2.477715536952018738e-02,-5.084326863288879395e-01
-1.552334576845169067e-01,1.130571141839027405e-01,1.358589679002761841e-01,2.873871847987174988e-02,-5.669069662690162659e-02,6.130922213196754456e-02,2.338979765772819519e-02,5.565640702843666077e-02,-7.323728501796722412e-02,6.045918539166450500e-02,6.779651623219251633e-03,2.615849487483501434e-02,4.462691396474838257e-02,8.240716904401779175e-02,4.035232588648796082e-02,-1.147511824965476990e-01,9.461133927106857300e-02,7.150560151785612106e-03,-1.015285253524780273e-01,1.299896091222763062e-01,-2.777764499187469482e-01,2.476140856742858887e-02,-1.324701607227325439e-01,-5.329655483365058899e-02,-7.642605900764465332e-02,1.357666254043579102e-01,4.988990351557731628e-02,-5.822039395570755005e-02,-1.442101877182722092e-02,4.569762200117111206e-02,-1.578577160835266113e-01,-9.896311163902282715e-02,-8.853656053543090820e-02,1.081522256135940552e-01,-6.237003952264785767e-02,1.190575361251831055e-01,2.106136828660964966e-01,1.682922095060348511e-01,1.227721050381660461e-01,4.411184415221214294e-02,-5.642324313521385193e-02,-1.090141758322715759e-01,6.247681379318237305e-02,1.306290477514266968e-01,1.055808812379837036e-01,1.340728849172592163e-01,-2.654347196221351624e-02,6.839566677808761597e-02,5.858229845762252808e-02,-3.395512700080871582e-02,-4.387991875410079956e-02,-4.520629346370697021e-02,1.841414421796798706e-01,-1.075399741530418396e-01,-1.649198681116104126e-01,3.114396147429943085e-02,1.607386320829391479e-01,-1.664746403694152832e-01,3.792409971356391907e-02,1.205802410840988159e-01,4.694963991641998291e-02,-1.142000630497932434e-01,6.305255927145481110e-03,1.027707904577255249e-01
-3.317491710186004639e-02,1.474974900484085083e-01,4.829573631286621094e-02,-1.088340580463409424e-02,-5.214205384254455566e-02,-9.300798177719116211e-03,-8.974418044090270996e-03,1.357601433992385864e-01,1.071940213441848755e-01,-2.093715965747833252e-02,-1.137320920825004578e-01,9.625147283077239990e-02,-2.682836353778839111e-02,-8.822528272867202759e-02,1.516097933053970337e-01,-1.050588563084602356e-01,-1.690209507942199707e-01,-1.678329259157180786e-01,-1.673716306686401367e-01,-1.614764332771301270e-02,1.108828336000442505e-01,1.107705980539321899e-01,1.584293395280838013e-01,-1.008185446262359619e-01,-1.253018230199813843e-01,-1.562163233757019043e-01,1.741305440664291382e-01,2.835719287395477295e-02,-1.341162025928497314e-01,3.364326059818267822e-02,1.754541248083114624e-01,9.856267273426055908e-02,-1.985605061054229736e-02,4.570581018924713135e-02,1.203113049268722534e-01,1.209215074777603149e-01,1.495631039142608643e-02,-6.527678668498992920e-02,3.046020865440368652e-02,-1.684290021657943726e-01,-1.050285547971725464e-01,1.642839461565017700e-01,-9.394405782222747803e-02,1.245377510786056519e-01,-1.314122676849365234e-01,2.938592433929443359e-02,1.670805662870407104e-01,1.127130240201950073e-01,-1.189538687467575073e-01,-1.594852358102798462e-01,1.478327363729476929e-01,-6.307267397642135620e-02,-5.902919173240661621e-02,1.342647224664688110e-01,-1.969084143638610840e-02,-2.895295619964599609e-05,1.604291051626205444e-01,-1.745074242353439331e-01,1.174378544092178345e-01,-3.238251805305480957e-02,8.386850357055664062e-03,8.559797704219818115e-02,2.832420170307159424e-02,-1.187528744339942932e-01
-8.476316928863525391e-02,1.941591262817382812e+00,-1.069756150245666504e-01,1.340292692184448242e+00,-2.079040408134460449e-01,-2.220390290021896362e-01,3.129095211625099182e-02,-6.644543647766113281e+00,-1.480324752628803253e-02,8.860384821891784668e-01,5.015727877616882324e-01,-2.484352886676788330e-01,-1.084239959716796875e+01,-1.725770384073257446e-01,7.280319929122924805e-01,1.686693914234638214e-02,1.916536569595336914e+00,-9.440180659294128418e-01,-9.006141871213912964e-02,-9.969023615121841431e-02,-5.019204020500183105e-01,1.552263647317886353e-01,-6.300700455904006958e-02,1.952398419380187988e+00,-1.692420244216918945e-01,-6.551771610975265503e-02,-2.412800490856170654e-01,3.249181210994720459e-01,-3.478923738002777100e-01,-1.011071562767028809e+00,1.188464283943176270e+00,-2.444101721048355103e-01,-4.376076161861419678e-01,-2.213364839553833008e+00,4.199074506759643555e-01,7.008113712072372437e-02,-2.465829551219940186e-01,-4.036261886358261108e-02,7.440163940191268921e-02,-6.643888354301452637e-01,-4.504227936267852783e-01,-1.930517256259918213e-01,-1.277213245630264282e-01,-1.907852292060852051e-01,3.051685988903045654e-01,-2.954255580902099609e+00,1.132948637008666992e+00,-3.041611053049564362e-03,-1.923243701457977295e-01,-6.419351577758789062e+00,-2.884205579757690430e+00,-3.058202937245368958e-02,-2.332287579774856567e-01,9.666208624839782715e-01,-6.289479136466979980e-02,2.062566041946411133e+00,-2.904005646705627441e-01,8.992592245340347290e-02,1.685299426317214966e-01,1.073971152305603027e+00,4.304821193218231201e-01,-1.187116503715515137e+00,-3.626707494258880615e-01,-1.093933805823326111e-01
9.749893844127655029e-02,-4.676941409707069397e-02,-1.189288347959518433e-01,1.282041221857070923e-01,1.738394647836685181e-01,1.810747757554054260e-02,4.006316885352134705e-02,-6.948865018784999847e-03,1.654944848269224167e-03,1.362546086311340332e-01,-3.655489906668663025e-02,-1.960119232535362244e-02,1.998307108879089355e-01,1.166020892560482025e-02,2.960565686225891113e-02,5.419062823057174683e-02,5.745783820748329163e-02,4.284588620066642761e-02,1.109185442328453064e-01,-5.482012033462524414e-02,-1.792929917573928833e-01,-1.125835999846458435e-01,1.031857579946517944e-01,8.610775321722030640e-02,-4.971434548497200012e-02,-7.602795958518981934e-02,-8.747038990259170532e-02,1.260529011487960815e-01,8.103128522634506226e-02,-3.289581462740898132e-02,2.577916160225868225e-02,8.648420125246047974e-02,-2.630718797445297241e-02,9.060274809598922729e-03,-9.606663882732391357e-02,-1.864732503890991211e-01,1.520386934280395508e-01,-1.518976688385009766e-02,-1.726999729871749878e-01,-1.933157816529273987e-02,-1.082337126135826111e-01,7.013730704784393311e-02,-1.345059275627136230e-01,6.113674491643905640e-02,7.969605922698974609e-02,-4.342603497207164764e-03,-3.053924627602100372e-02,-1.376332938671112061e-01,1.326932907104492188e-01,1.800710856914520264e-01,1.055574640631675720e-01,-1.171727702021598816e-01,-9.697362035512924194e-02,5.788131430745124817e-02,-3.365304321050643921e-02,-9.984063357114791870e-02,1.066879108548164368e-01,7.990419864654541016e-02,1.225785836577415466e-01,-9.648296050727367401e-03,-8.311599493026733398e-02,4.453567415475845337e-02,-8.433793485164642334e-02,-6.387930363416671753e-02
-2.033472210168838501e-01,3.933854699134826660e-01,-3.279343843460083008e+00,3.293406009674072266e+00,-2.150651067495346069e-01,-1.913522332906723022e-01,-2.219409793615341187e-01,3.035280704498291016e+00,-1.616080850362777710e-01,-3.637123703956604004e-01,-6.827579140663146973e-01,-1.552949398756027222e-01,-1.679900288581848145e+00,-1.526369601488113403e-01,1.648999452590942383e-01,-2.696923971176147461e+00,-5.086081027984619141e-01,1.340147376060485840e+00,-7.053268700838088989e-02,-1.372933238744735718e-01,1.622215807437896729e-01,-1.962235197424888611e-03,-2.200289219617843628e-01,1.917484104633331299e-01,-4.869512021541595459e-01,-1.980324536561965942e-01,1.080329492688179016e-01,-1.304829597473144531e+00,-4.392283856868743896e-01,3.299243152141571045e-01,3.326895713806152344e+00,-6.301290541887283325e-02,-4.786298274993896484e+00,3.750406503677368164e+00,-5.725569248199462891e+00,-3.682879358530044556e-02,4.022582471370697021e-01,6.612998247146606445e-02,-7.357320934534072876e-02,-2.848577737808227539e+00,-2.391139715909957886e-01,5.688545107841491699e-02,-1.028373762965202332e-01,-1.654110074043273926e+00,-2.802837789058685303e-01,1.261595845222473145e+00,5.527936935424804688e+00,8.359850943088531494e-02,-7.340212166309356689e-02,-1.121183395385742188e+00,-2.440541088581085205e-01,-1.133445382118225098e+00,-1.503046005964279175e-01,4.269536018371582031e+00,-1.568711251020431519e-01,-1.337147116661071777e+00,-4.045001268386840820e-01,-9.534100294113159180e-01,-2.211359262466430664e+00,3.184418752789497375e-02,3.236526966094970703e+00,1.805433887057006359e-03,-1.551241874694824219e-01,1.321034431457519531e-01
-1.200143247842788696e-01,7.897055745124816895e-01,-2.737392485141754150e-01,-5.409794449806213379e-01,7.545316964387893677e-02,-1.182639896869659424e-01,-1.490040421485900879e-01,4.250845611095428467e-01,-2.931864857673645020e-01,-2.114260792732238770e-01,-1.411003470420837402e+00,-1.188917681574821472e-01,-3.209847688674926758e+00,-2.013273686170578003e-01,-7.527226209640502930e-01,1.284905672073364258e+00,-1.146177530288696289e+00,2.438352346420288086e+00,6.709981826134026051e-04,-5.382096171379089355e-01,1.346939206123352051e+00,-2.224303781986236572e-01,-1.340755671262741089e-01,5.894302725791931152e-01,-3.461142182350158691e-01,5.085587128996849060e-02,-1.396541744470596313e-01,8.894022703170776367e-01,-7.263783365488052368e-02,-7.556672394275665283e-02,-1.028531312942504883e+00,-3.735657781362533569e-02,1.493083983659744263e-01,-8.812951296567916870e-02,-1.933431982994079590e+00,-8.922600001096725464e-02,-3.433119654655456543e-01,-1.001127958297729492e-01,-1.954370923340320587e-02,-3.219318866729736328e+00,-2.477533519268035889e-01,2.206296473741531372e-01,-2.342043370008468628e-01,-1.380417227745056152e+00,-3.896223604679107666e-01,2.002403020858764648e+00,1.403725892305374146e-01,-1.341364234685897827e-01,3.196913376450538635e-02,-2.843090534210205078e+00,2.975430488586425781e-01,2.730923593044281006e-01,-1.953142285346984863e-01,-2.406034618616104126e-01,-8.725777268409729004e-02,-2.951563119888305664e+00,-1.279925107955932617e-01,1.647803336381912231e-01,-2.283459603786468506e-01,9.822251796722412109e-01,-2.977827548980712891e+00,8.463536500930786133e-01,-1.843955367803573608e-01,-1.257880628108978271e-01
5.076908320188522339e-02,1.227525845170021057e-01,6.542415358126163483e-03,-6.831423193216323853e-02,-8.770521730184555054e-02,-1.959039717912673950e-01,1.127576977014541626e-01,-2.130554020404815674e-01,1.409237645566463470e-02,-1.980178803205490112e-01,1.592155918478965759e-02,4.259310290217399597e-02,6.183171644806861877e-02,-5.139824002981185913e-03,4.462037235498428345e-02,1.446973811835050583e-02,-1.615345776081085205e-01,1.067914962768554688e-01,-2.892438322305679321e-03,1.686021387577056885e-01,8.695533126592636108e-02,-1.238383203744888306e-01,2.617166377604007721e-02,-1.360365599393844604e-01,-1.416764557361602783e-01,5.864420533180236816e-02,1.123141311109066010e-02,2.641233243048191071e-02,-8.900369517505168915e-03,-1.378812789916992188e-01,-6.388735771179199219e-02,-1.931375861167907715e-01,5.481452494859695435e-02,-3.757244721055030823e-02,1.559491921216249466e-02,3.688388690352439880e-02,4.367122799158096313e-02,5.159345641732215881e-02,-1.470708400011062622e-01,-2.390574105083942413e-02,8.235791698098182678e-03,7.919699698686599731e-02,1.044643297791481018e-01,-1.466404944658279419e-01,1.185962185263633728e-02,3.489158675074577332e-02,-1.492423713207244873e-01,2.069116197526454926e-02,1.324257552623748779e-01,-2.070784717798233032e-01,7.198147475719451904e-03,-9.628248214721679688e-02,3.742251545190811157e-02,4.445047676563262939e-02,-1.306348890066146851e-01,8.928218483924865723e-02,-2.623370289802551270e-02,9.375159628689289093e-03,3.394865617156028748e-02,-7.516042888164520264e-02,6.995755434036254883e-02,-3.685018792748451233e-02,-2.472831867635250092e-02,-5.137749016284942627e-02
-2.396481484174728394e-01,-1.305995043367147446e-02,-7.912994176149368286e-02,-1.089008897542953491e-02,-6.751202512532472610e-03,-1.859365254640579224e-01,2.565821819007396698e-02,-9.032218903303146362e-02,4.590652137994766235e-02,-1.793764382600784302e-01,1.493621915578842163e-01,1.078310236334800720e-01,-2.712459862232208252e-01,-1.216074153780937195e-01,-3.473573923110961914e-02,-1.367818117141723633e-01,-5.968781933188438416e-02,-3.864319995045661926e-02,-9.436861425638198853e-02,-1.914745271205902100e-01,2.745882794260978699e-02,-1.701967716217041016e-01,-6.145450845360755920e-02,-4.635945515474304557e-05,-1.535699218511581421e-01,-2.380828373134136200e-02,-1.170523744076490402e-02,1.100021377205848694e-01,-1.503026634454727173e-01,-8.445453830063343048e-03,6.858349591493606567e-02,-4.787775501608848572e-02,-2.295257523655891418e-02,-1.542238742113113403e-01,-3.331004455685615540e-02,-4.317994695156812668e-03,-3.462500125169754028e-02,6.568766385316848755e-02,-1.733414083719253540e-01,-6.908732932060956955e-03,3.683870285749435425e-02,5.673814564943313599e-02,1.834317855536937714e-02,-2.465112209320068359e-01,-3.611556813120841980e-02,6.277156621217727661e-02,-1.838364265859127045e-02,-9.548808634281158447e-02,-1.893233656883239746e-01,-3.239506855607032776e-02,-1.524299234151840210e-01,-7.035383582115173340e-02,7.584607601165771484e-02,2.098785936832427979e-01,-2.211507707834243774e-01,-6.124538928270339966e-02,-2.693979069590568542e-02,4.421791806817054749e-02,-1.425619274377822876e-01,-1.728604198433458805e-03,-1.763148456811904907e-01,2.112245373427867889e-02,3.642789274454116821e-02,4.129327088594436646e-02
4.505114257335662842e-02,2.071848809719085693e-01,-2.243894338607788086e-01,-5.286573171615600586e-01,-2.390325963497161865e-01,-1.617279946804046631e-01,-8.035422861576080322e-02,-2.163585722446441650e-01,-9.208036959171295166e-02,4.454549774527549744e-02,2.100763767957687378e-01,-4.280851781368255615e-02,2.016634494066238403e-01,-2.453536242246627808e-01,-6.883571296930313110e-02,6.550114601850509644e-02,-3.224228918552398682e-01,-4.725782275199890137e-01,-1.660603582859039307e-01,-1.456218361854553223e-01,1.238354519009590149e-01,-7.360406219959259033e-02,1.082587465643882751e-01,3.801312446594238281e-01,-2.282246053218841553e-01,-1.780598163604736328e-01,-1.368828713893890381e-01,-6.630354523658752441e-01,-3.222101330757141113e-01,-1.987490504980087280e-01,5.789452791213989258e-02,4.826946184039115906e-02,6.882833689451217651e-02,1.283933874219655991e-02,-6.510683149099349976e-02,-1.346579939126968384e-01,-1.197962909936904907e-01,-3.466646373271942139e-02,-2.505671083927154541e-01,-8.879889547824859619e-02,-4.425309598445892334e-01,-1.188179180026054382e-01,5.355272814631462097e-02,3.383584618568420410e-01,-7.198658585548400879e-02,1.088714823126792908e-01,-1.616122275590896606e-01,-1.765279769897460938e-01,-1.644099801778793335e-01,2.166847437620162964e-01,1.072957441210746765e-01,-1.168621107935905457e-01,-7.549436390399932861e-02,7.590237259864807129e-02,-1.356487721204757690e-01,-1.494982391595840454e-01,-1.454688608646392822e-01,-4.459218978881835938e-01,-2.170510441064834595e-01,7.226232439279556274e-02,1.803767383098602295e-01,-5.306339859962463379e-01,-6.764259934425354004e-02,1.004153490066528320e-01
-1.745863407850265503e-01,-7.481621950864791870e-02,-5.801834911108016968e-02,4.010304436087608337e-02,-1.239874288439750671e-01,-1.110707521438598633e-01,-1.389592885971069336e-01,-1.639531254768371582e-01,-4.576052073389291763e-03,1.419333070516586304e-01,-9.006419032812118530e-02,-1.710936576128005981e-01,-1.885072141885757446e-02,5.367143079638481140e-02,1.017474532127380371e-01,-1.258996129035949707e-01,-8.233345299959182739e-02,-2.188466861844062805e-02,1.097494363784790039e-01,1.057122126221656799e-01,-1.121771186590194702e-01,3.688296303153038025e-02,-1.542754024267196655e-01,7.999648340046405792e-03,1.204598695039749146e-01,7.294342666864395142e-02,-2.226643823087215424e-02,-4.074965044856071472e-02,6.103007867932319641e-02,1.545647531747817993e-01,-6.627262383699417114e-02,5.472091957926750183e-02,8.476109802722930908e-02,-9.713313728570938110e-02,-5.434385314583778381e-02,9.109677374362945557e-02,9.040761739015579224e-02,-1.631789803504943848e-01,1.475692689418792725e-01,6.313899904489517212e-02,1.285809874534606934e-01,-5.781773105263710022e-02,9.613278508186340332e-02,1.588483719388023019e-04,6.019354984164237976e-02,1.120207682251930237e-01,-1.178443729877471924e-01,-1.820341795682907104e-01,8.155990391969680786e-03,-6.633626669645309448e-02,7.487098220735788345e-03,-1.614841967821121216e-01,-1.244891956448554993e-01,7.565163075923919678e-02,-8.904583752155303955e-02,2.272996818646788597e-03,-1.636048257350921631e-01,2.734276698902249336e-03,-7.436405122280120850e-02,-2.072056941688060760e-02,-4.952923208475112915e-02,-5.923099815845489502e-02,1.385108977556228638e-01,1.057158857583999634e-01
9.432712197303771973e-02,9.520532563328742981e-03,-1.797756403684616089e-01,-8.783172816038131714e-02,-6.301449611783027649e-04,-2.082685083150863647e-01,2.770564854145050049e-01,-7.211279124021530151e-02,-1.716063320636749268e-01,1.533853728324174881e-02,8.025666326284408569e-02,1.771327257156372070e-01,8.649577200412750244e-02,1.720580458641052246e-02,2.060656063258647919e-02,-5.029194429516792297e-02,-2.332003712654113770e-01,1.379913538694381714e-01,9.605865180492401123e-02,8.039116859436035156e-02,-1.178014501929283142e-01,7.421480864286422729e-02,1.442657560110092163e-01,6.886593252420425415e-02,8.980483561754226685e-02,-1.487888693809509277e-01,4.233855381608009338e-02,-1.940129846334457397e-01,1.210171729326248169e-01,-2.871011793613433838e-01,-9.111565351486206055e-02,9.081045538187026978e-02,1.191201731562614441e-01,-5.138733983039855957e-02,2.162948623299598694e-02,-1.098529770970344543e-01,2.917569130659103394e-03,1.039214432239532471e-02,-6.919197738170623779e-02,1.213468089699745178e-01,8.410980924963951111e-03,-1.058227419853210449e-01,-2.257156819105148315e-01,4.423592239618301392e-02,-1.011978760361671448e-01,2.327277362346649170e-01,5.252153798937797546e-02,-1.389124542474746704e-01,5.032182484865188599e-02,-4.083645939826965332e-01,1.444949507713317871e-01,4.736334085464477539e-03,5.878597870469093323e-02,1.373149901628494263e-01,1.830622553825378418e-02,1.228614598512649536e-01,2.063664495944976807e-01,-7.666209340095520020e-02,-2.876368463039398193e-01,-2.548087202012538910e-02,-3.513715043663978577e-02,-2.252915650606155396e-01,7.625763118267059326e-02,1.871969737112522125e-02
1.175387427210807800e-01,-2.616362571716308594e+00,-9.678095579147338867e-01,-1.783833146095275879e+00,9.346920996904373169e-02,-2.638039290904998779e-01,-3.671548143029212952e-02,-6.844366073608398438e+00,1.152586817741394043e+00,2.930630922317504883e+00,2.733433485031127930e+00,5.059940274804830551e-03,-3.922285437583923340e-01,9.079510718584060669e-02,-3.311871528625488281e+00,1.546910166740417480e+00,-6.828413009643554688e+00,-8.169460892677307129e-01,-1.432430744171142578e-01,-1.839437961578369141e+00,-3.705781698226928711e-02,-3.168716654181480408e-02,1.015146225690841675e-01,-2.300020903348922729e-01,-6.446361541748046875e-01,1.111349463462829590e-01,-1.877606064081192017e-01,1.292568016052246094e+01,-9.138179570436477661e-02,-3.452383279800415039e+00,-1.648663520812988281e+00,-5.657894909381866455e-02,-2.059851646423339844e+00,-1.310596585273742676e+00,-4.454635381698608398e-01,-3.596466034650802612e-02,7.434888482093811035e-01,1.401662677526473999e-01,8.656369894742965698e-02,-5.094396114349365234e+00,1.656191349029541016e+00,1.507807672023773193e-01,-5.012414976954460144e-02,-1.537921726703643799e-01,1.513229608535766602e+00,-5.296041965484619141e-01,4.180977344512939453e+00,-1.448020059615373611e-02,1.751434087753295898e+00,-3.982721805572509766e+00,3.718211174011230469e+00,1.467405080795288086e+00,-8.304526805877685547e-01,-7.049657404422760010e-02,-1.883097290992736816e-01,2.537444591522216797e+00,-1.987300366163253784e-01,3.069905638694763184e-01,-5.219250917434692383e-01,4.922288894653320312e+00,8.644973754882812500e+00,1.022202849388122559e+00,-6.817114353179931641e-01,-1.616803407669067383e-01
-2.073219269514083862e-01,-7.627999782562255859e-01,8.438520431518554688e-01,7.988630533218383789e-01,-1.900995671749114990e-01,7.019643485546112061e-02,-6.809321790933609009e-02,-1.591110801696777344e+01,1.049051061272621155e-01,5.403841733932495117e-01,1.261534690856933594e+00,-3.478623926639556885e-01,-1.248577976226806641e+01,-6.699346750974655151e-02,5.828468203544616699e-01,-9.195454120635986328e-01,3.240600824356079102e-01,8.403654694557189941e-01,-2.644343487918376923e-02,2.499777376651763916e-01,-1.226139163970947266e+01,-3.757300674915313721e-01,-8.776029199361801147e-02,5.864658355712890625e-01,1.429695367813110352e+00,-2.083367407321929932e-01,-1.453480497002601624e-02,1.234551787376403809e+00,-3.924833834171295166e-01,3.650196790695190430e-01,-6.262737512588500977e-01,-1.502030789852142334e-01,-7.457494139671325684e-01,1.811126351356506348e+00,-4.686844348907470703e-01,-4.306236803531646729e-01,3.099930584430694580e-01,-7.538149505853652954e-02,-9.976813942193984985e-02,1.838849544525146484e+00,-6.576141715049743652e-01,5.182647332549095154e-02,-1.225865259766578674e-01,4.978408217430114746e-01,-3.994812965393066406e-01,-8.579152107238769531e+00,9.660032391548156738e-01,-1.236505433917045593e-01,-9.351459890604019165e-02,-2.004408264160156250e+01,-8.021552085876464844e+00,3.490581512451171875e-01,-1.332665383815765381e-01,1.614134907722473145e+00,-2.079268395900726318e-01,-2.298155725002288818e-01,-2.888093292713165283e-01,1.263784170150756836e+00,1.425895690917968750e+00,1.053989291191101074e+00,1.943555623292922974e-01,-5.214222073554992676e-01,-1.152543872594833374e-01,1.328582465648651123e-01
-1.740163266658782959e-01,1.505301296710968018e-01,-3.879658877849578857e-02,-1.578208357095718384e-01,2.692124433815479279e-02,3.076956421136856079e-02,9.267038106918334961e-02,1.078116148710250854e-02,-1.325363200157880783e-02,1.063474938273429871e-01,-1.187163218855857849e-01,-7.766178995370864868e-02,1.453694403171539307e-01,1.126761138439178467e-01,-2.610179223120212555e-02,-5.609451606869697571e-02,-7.387891411781311035e-02,3.054831409826874733e-03,-1.519092768430709839e-01,-1.079310998320579529e-01,-1.048815809190273285e-02,-1.064305230975151062e-01,-1.461729966104030609e-02,1.555994153022766113e-01,-1.952448934316635132e-01,7.403220981359481812e-02,-5.860691890120506287e-02,-1.993845216929912567e-02,2.926751039922237396e-02,-1.081091687083244324e-01,1.994206756353378296e-01,-9.372060745954513550e-02,8.322960883378982544e-02,4.657411575317382812e-02,3.563336282968521118e-02,1.190492361783981323e-01,-2.953669428825378418e-02,-1.290664076805114746e-01,1.755241677165031433e-02,-1.071768105030059814e-01,-1.221089363098144531e-01,1.374427378177642822e-01,-3.839900344610214233e-02,-3.427515178918838501e-02,-5.209315195679664612e-02,8.611246943473815918e-02,2.267933823168277740e-02,-9.008844196796417236e-02,6.118149310350418091e-02,-9.380254894495010376e-02,-1.368813365697860718e-01,-1.580032408237457275e-01,-1.392144411802291870e-01,1.433780193328857422e-01,-5.944057181477546692e-02,-7.621815428137779236e-03,1.353249698877334595e-01,-1.881535798311233521e-01,1.471823751926422119e-01,-8.291378617286682129e-02,-1.233912706375122070e-01,-8.317790180444717407e-02,8.576272428035736084e-02,-1.384889036417007446e-01
-1.281346827745437622e-01,-1.178303658962249756e-01,-1.668529585003852844e-02,-1.757927983999252319e-01,1.101381927728652954e-01,2.078066393733024597e-02,-1.100811883807182312e-01,1.048245802521705627e-01,-3.735658526420593262e-02,1.335630714893341064e-01,1.332088112831115723e-01,5.550554394721984863e-02,6.752412766218185425e-02,1.163713168352842331e-02,6.635526660829782486e-03,-9.749437868595123291e-02,-5.998485162854194641e-02,4.589822515845298767e-02,2.026357129216194153e-02,-6.761786341667175293e-02,1.420350652188062668e-02,-8.171240985393524170e-02,-1.730764657258987427e-01,-5.663886666297912598e-03,-1.744342595338821411e-01,-4.395460709929466248e-02,-1.167259644716978073e-02,-2.037814706563949585e-01,-1.839885860681533813e-02,-9.548509865999221802e-02,1.530679762363433838e-01,-1.017322391271591187e-01,2.523549646139144897e-02,1.229275763034820557e-02,1.021423414349555969e-01,-9.032303839921951294e-02,1.861885786056518555e-01,1.294884979724884033e-01,-1.903114467859268188e-01,-4.059399291872978210e-02,1.350682824850082397e-01,-9.561628103256225586e-02,1.279406845569610596e-01,8.847915381193161011e-02,5.615796521306037903e-02,-9.816780686378479004e-03,-4.797818139195442200e-02,-1.359193585813045502e-03,-4.357119649648666382e-02,-6.787147372961044312e-02,-3.256222233176231384e-02,-7.525469362735748291e-02,2.900494495406746864e-03,-1.161862984299659729e-01,1.254348009824752808e-01,2.013645619153976440e-01,-1.657493412494659424e-01,-7.850625365972518921e-02,-1.159022375941276550e-01,-1.232035160064697266e-01,-3.971841186285018921e-02,1.466659307479858398e-01,7.085394114255905151e-02,1.268574036657810211e-02
-2.744427621364593506e-01,-1.080411076545715332e+00,1.918215602636337280e-01,6.313974261283874512e-01,-2.027483135461807251e-01,-5.203592777252197266e-02,-8.278126269578933716e-02,-9.968474388122558594e+00,-8.387371897697448730e-02,-2.876183986663818359e-01,-5.322674661874771118e-02,-1.902290880680084229e-01,-9.027918815612792969e+00,-1.515413075685501099e-01,-3.600840330123901367e+00,3.878524065017700195e+00,-3.592360019683837891e+00,2.381474711000919342e-03,-1.190100312232971191e-01,-2.767173945903778076e-01,-7.865454554557800293e-01,-1.231649518013000488e-01,-1.126065701246261597e-01,-6.716823577880859375e-01,-3.466393232345581055e+00,3.383865207433700562e-02,-6.240000203251838684e-02,1.601960882544517517e-02,-4.624602198600769043e-02,1.436516642570495605e-01,6.116405725479125977e-01,-1.907371543347835541e-02,-1.628349721431732178e-01,-1.201770529150962830e-01,4.350057244300842285e-02,-3.162655234336853027e-01,4.536962211132049561e-01,-4.419900849461555481e-02,-2.005020342767238617e-02,-1.540166616439819336e+00,2.438729852437973022e-01,1.563191711902618408e-01,-1.066067628562450409e-02,-2.422447443008422852e+00,-3.966935724020004272e-02,-4.492688179016113281e+00,-1.244785860180854797e-01,-2.150216400623321533e-01,2.268676310777664185e-01,-1.504752516746520996e+00,-1.303316712379455566e+00,1.118881106376647949e+00,-9.889114648103713989e-02,-3.892197906970977783e-01,-1.320731937885284424e-01,-3.338691473007202148e+00,-6.155462265014648438e-01,2.628627978265285492e-02,-9.878912568092346191e-02,-5.729480266571044922e+00,1.670121669769287109e+00,-4.909994900226593018e-01,-3.120380043983459473e-01,2.255320101976394653e-01
1.611677408218383789e-01,3.034462779760360718e-02,-8.896470069885253906e-02,-8.949238806962966919e-02,2.025759816169738770e-01,-1.957537084817886353e-01,-1.632738113403320312e-01,1.535696238279342651e-01,-3.081700578331947327e-02,-9.399093687534332275e-02,1.005743071436882019e-01,-1.481104940176010132e-01,-1.953689604997634888e-01,4.282192885875701904e-02,1.774554252624511719e-01,1.745613478124141693e-02,-5.967084690928459167e-02,-3.782195225358009338e-02,-1.077861413359642029e-01,3.128150850534439087e-02,9.009846299886703491e-02,-1.481828540563583374e-01,1.503462493419647217e-01,-7.069097459316253662e-02,-7.614321261644363403e-02,-9.381070733070373535e-02,4.996478930115699768e-02,3.887733817100524902e-02,1.340524759143590927e-02,-1.187707707285881042e-01,-2.378628030419349670e-02,1.963621936738491058e-02,1.237412542104721069e-01,1.133054345846176147e-01,-1.197002232074737549e-01,9.889427572488784790e-02,-7.057252340018749237e-03,-4.909530282020568848e-02,-3.661871014628559351e-04,-1.706269918940961361e-03,3.898810595273971558e-02,3.359821066260337830e-02,3.164114803075790405e-02,1.662722080945968628e-01,-6.999338418245315552e-02,9.651514142751693726e-02,3.387936204671859741e-02,-2.028838396072387695e-01,1.128848120570182800e-01,4.899136349558830261e-02,-5.318352021276950836e-03,-1.156306192278862000e-01,6.116832420229911804e-02,1.017243415117263794e-01,-1.466522365808486938e-01,4.841202497482299805e-02,-1.382665932178497314e-01,1.088177114725112915e-01,-2.647367119789123535e-01,1.090468466281890869e-01,-7.826200127601623535e-02,8.097567409276962280e-02,-9.898978285491466522e-03,-1.722572743892669678e-01
7.899765670299530029e-02,5.545399710536003113e-02,1.528882384300231934e-01,-6.175170838832855225e-02,7.424975186586380005e-02,4.130144789814949036e-02,1.307216733694076538e-01,-1.417152881622314453e-01,-1.774223148822784424e-01,1.358596831560134888e-01,-4.393638670444488525e-02,-6.806171033531427383e-03,-9.551912546157836914e-02,5.827362090349197388e-02,-1.420901268720626831e-01,1.462294906377792358e-01,-9.776862710714340210e-02,9.567436575889587402e-02,-5.429327487945556641e-02,-1.019556894898414612e-01,5.349172651767730713e-02,-2.281168103218078613e-02,7.313792407512664795e-02,2.416875027120113373e-02,-1.234862208366394043e-01,-1.528988629579544067e-01,1.262868642807006836e-01,-4.911832138895988464e-02,-1.920845657587051392e-01,1.988545358180999756e-01,-9.152902290225028992e-03,-2.209796756505966187e-02,-7.080327719449996948e-02,-5.865544080734252930e-04,-2.358739450573921204e-02,1.083492487668991089e-01,-1.655554212629795074e-02,1.653761714696884155e-01,-3.451536595821380615e-02,-2.048505395650863647e-01,-1.070385146886110306e-02,1.460808664560317993e-01,-9.310375154018402100e-02,-9.130680561065673828e-02,-6.527069956064224243e-02,-5.693541094660758972e-02,1.839883327484130859e-01,-4.346221685409545898e-03,-1.205465421080589294e-01,-3.334277495741844177e-02,1.045911833643913269e-01,2.699308656156063080e-02,-9.580369293689727783e-02,1.595587432384490967e-01,-9.365355223417282104e-02,2.220154404640197754e-01,-8.771827071905136108e-02,1.223189607262611389e-01,-1.394029408693313599e-01,1.693383604288101196e-01,6.696662306785583496e-02,5.228443443775177002e-02,6.421191990375518799e-02,1.197902783751487732e-01
1.299449652433395386e-01,-7.361995697021484375e+00,2.788853406906127930e+00,-5.463083386421203613e-01,2.731718681752681732e-02,9.307391941547393799e-02,8.171353489160537720e-02,-1.104655146598815918e+00,-3.189565420150756836e+00,1.125128149986267090e+00,7.188836097717285156e+00,-1.261354684829711914e-01,-1.718192696571350098e-01,-3.531526075676083565e-03,3.465426564216613770e-01,7.397940754890441895e-02,6.279062479734420776e-02,-9.177368879318237305e-01,4.587050527334213257e-02,-1.875747144222259521e-01,-2.081784307956695557e-01,-8.928412199020385742e-02,-7.093891501426696777e-02,-2.212219089269638062e-01,-2.338048934936523438e+00,6.543146073818206787e-02,-1.677398681640625000e-01,9.900203347206115723e-02,-1.776976287364959717e-01,-1.163477516174316406e+01,-3.025907516479492188e+00,1.197208911180496216e-01,3.187117338180541992e+00,5.146506056189537048e-02,-1.183669939637184143e-01,-4.035616666078567505e-02,1.808373689651489258e+00,-2.966696023941040039e-02,-8.936589956283569336e-02,-7.338732242584228516e+00,-1.797327041625976562e+00,-6.756240874528884888e-02,1.543340086936950684e-01,-5.016518831253051758e-01,-1.906736046075820923e-01,-1.643927693367004395e-01,-3.800424337387084961e+00,5.395832657814025879e-02,-5.604891300201416016e+00,-2.348187565803527832e-01,-1.400501489639282227e+00,3.605623245239257812e+00,-1.868531554937362671e-01,-2.502842061221599579e-02,6.670927256345748901e-02,-5.635829925537109375e+00,-2.259688228368759155e-01,1.055246472358703613e+00,-5.316901803016662598e-01,-2.035006523132324219e+00,1.478363990783691406e+01,-2.057334929704666138e-01,-1.574108898639678955e-01,-1.480384171009063721e-01
-3.145056962966918945e-02,-3.786307945847511292e-02,7.047229912132024765e-03,1.056896522641181946e-01,-1.011651903390884399e-01,-9.388495981693267822e-02,-4.910253733396530151e-02,4.673869907855987549e-02,9.461074322462081909e-02,1.632438600063323975e-01,1.348783075809478760e-02,3.212242573499679565e-02,-1.999193057417869568e-02,-1.257315129041671753e-01,-1.050407662987709045e-01,-1.842019110918045044e-01,-8.353082090616226196e-02,-2.452259697020053864e-02,1.709709614515304565e-01,1.111200973391532898e-01,-1.758000701665878296e-01,1.277551054954528809e-03,1.457114666700363159e-01,-6.859573721885681152e-02,-4.233574867248535156e-02,-1.065796390175819397e-01,-1.278665941208600998e-02,2.035032212734222412e-01,-9.719695150852203369e-02,6.236035842448472977e-03,1.236266419291496277e-01,1.055999845266342163e-01,-1.336760371923446655e-01,-1.011936515569686890e-01,-2.217335999011993408e-01,3.750108182430267334e-02,-3.824714571237564087e-02,-7.170435041189193726e-02,4.332613199949264526e-02,-2.057396322488784790e-01,1.526491809636354446e-02,-1.488517969846725464e-01,9.691848605871200562e-02,-1.386788040399551392e-01,8.102565258741378784e-02,2.809071214869618416e-03,-3.508596494793891907e-02,1.563999205827713013e-01,5.184506252408027649e-02,-3.977616503834724426e-02,-1.456943303346633911e-01,-1.399034708738327026e-01,-7.407993078231811523e-02,1.666006632149219513e-02,5.518569052219390869e-02,-6.892899423837661743e-02,-3.202243894338607788e-02,-1.052962616086006165e-02,-1.739262193441390991e-01,8.729076385498046875e-02,7.198987994343042374e-03,2.573749516159296036e-03,1.801897771656513214e-02,-3.735712263733148575e-03
-4.705547913908958435e-02,-6.276097148656845093e-02,4.847101122140884399e-02,-5.844398215413093567e-02,-4.992600157856941223e-02,-2.336642295122146606e-01,-1.446336209774017334e-01,-4.971181973814964294e-02,1.077105104923248291e-01,-7.145199179649353027e-02,1.144844591617584229e-01,4.643024504184722900e-02,7.171635329723358154e-02,-2.817072719335556030e-02,-1.990410685539245605e-01,1.385747492313385010e-01,-4.015384986996650696e-02,4.033842310309410095e-02,2.819463610649108887e-02,3.684397414326667786e-02,-1.341149508953094482e-01,-1.733568757772445679e-01,-2.063646316528320312e-01,1.137245222926139832e-01,-2.329903990030288696e-01,-1.241926029324531555e-01,-3.606182336807250977e-02,-1.405841559171676636e-01,-3.179509937763214111e-02,2.678095735609531403e-02,-7.146145403385162354e-02,-1.109326109290122986e-01,-5.092971771955490112e-02,-1.696016937494277954e-01,-1.052177846431732178e-01,-9.970908612012863159e-02,6.465721130371093750e-02,-1.744180172681808472e-01,-1.450944244861602783e-01,-3.371912613511085510e-02,-1.158543769270181656e-02,6.963399052619934082e-02,-1.179506555199623108e-01,9.428324550390243530e-02,7.117250561714172363e-02,1.079188510775566101e-01,-1.180398687720298767e-01,-1.636326313018798828e-01,-6.094317510724067688e-02,-2.855825424194335938e-02,-1.527165472507476807e-01,-1.340698450803756714e-01,-6.577386707067489624e-02,1.369719505310058594e-01,-1.024848669767379761e-01,-3.983730450272560120e-02,-1.423656046390533447e-01,-2.010643184185028076e-01,-9.693743288516998291e-02,-1.228282377123832703e-01,-1.458183377981185913e-01,-5.247897934168577194e-03,-3.427387028932571411e-02,-1.535577923059463501e-01
-1.072951182723045349e-01,-1.882454752922058105e-02,-3.398395702242851257e-02,1.736967414617538452e-01,1.740526966750621796e-02,-1.760649681091308594e-02,1.478471904993057251e-01,1.447467505931854248e-01,9.991846233606338501e-02,-1.514834761619567871e-01,-6.549990177154541016e-02,4.657436534762382507e-02,1.162138581275939941e-01,-1.449427008628845215e-01,1.107915788888931274e-01,-1.410419940948486328e-01,-1.082373037934303284e-01,-5.795823410153388977e-02,6.684196740388870239e-02,-1.352721899747848511e-01,-2.539268881082534790e-02,6.906072795391082764e-02,-4.832878708839416504e-02,1.071053221821784973e-01,-9.834378957748413086e-03,-7.414333522319793701e-02,1.492037028074264526e-01,2.813994288444519043e-01,-9.137458167970180511e-03,7.207396626472473145e-02,1.470100227743387222e-02,-1.379496753215789795e-01,5.599912628531455994e-02,4.190533235669136047e-02,-1.305302530527114868e-01,-5.064540728926658630e-02,-6.410448253154754639e-02,-4.142099618911743164e-02,1.576591581106185913e-01,7.214263081550598145e-03,4.786270856857299805e-02,2.002350986003875732e-01,9.870540350675582886e-02,2.240163274109363556e-03,-9.837257117033004761e-02,1.090440712869167328e-02,-1.373881101608276367e-02,8.587394654750823975e-02,-4.962552338838577271e-02,1.062350794672966003e-01,-1.017491370439529419e-01,-1.864007562398910522e-01,-1.055707708001136780e-01,6.008305773138999939e-02,5.628459155559539795e-02,-1.074723526835441589e-01,7.329322397708892822e-02,-4.734056815505027771e-02,-4.114486873149871826e-01,1.421865373849868774e-01,-1.285219192504882812e-01,-4.502662271261215210e-02,-1.518750190734863281e-01,1.459932327270507812e-01
-5.227252468466758728e-02,2.861451804637908936e-01,-6.918362975120544434e-01,3.878937005996704102e+00,-1.411626785993576050e-01,9.192724712193012238e-03,-3.425194416195154190e-03,9.452448487281799316e-01,1.741547882556915283e-01,-7.823285460472106934e-01,2.710496783256530762e-01,1.331900712102651596e-02,-1.473289585113525391e+01,-9.947731345891952515e-02,1.179198697209358215e-01,1.955687403678894043e-01,1.026214480400085449e+00,-6.844896674156188965e-01,5.054998397827148438e-02,-2.459515780210494995e-01,-1.641208648681640625e+00,-1.427550166845321655e-01,-1.177344471216201782e-02,3.293337821960449219e+00,-9.807255268096923828e-01,1.348694115877151489e-01,-1.540382057428359985e-01,3.581121921539306641e+00,-6.411921232938766479e-02,-2.916059255599975586e+00,-5.187378883361816406e+00,2.804388850927352905e-02,7.531483769416809082e-01,-2.368070334196090698e-01,5.814273282885551453e-02,-3.174840807914733887e-01,2.118640840053558350e-01,2.492104470729827881e-02,-2.114055752754211426e-01,-1.337569236755371094e+00,-2.413944751024246216e-01,6.049623712897300720e-02,-8.260902762413024902e-02,-9.969660043716430664e-01,8.769608139991760254e-01,-7.298794984817504883e-01,1.347884416580200195e+00,9.675121307373046875e-02,8.743473887443542480e-01,4.545799195766448975e-01,-7.035214304924011230e-01,-1.625002771615982056e-01,2.435611784458160400e-01,1.069766759872436523e+00,-1.470702886581420898e-01,1.662414669990539551e+00,-4.427565932273864746e-01,-5.466492176055908203e-01,-4.956627786159515381e-01,-2.767508506774902344e+00,5.100409984588623047e-01,1.096313834190368652e+00,-2.088396996259689331e-01,-1.178419440984725952e-01
-7.825133949518203735e-02,-4.713869094848632812e-02,-6.725071370601654053e-02,-5.436701700091362000e-02,9.520668536424636841e-02,-1.433879286050796509e-01,2.012246102094650269e-01,-2.644061148166656494e-01,-1.191076189279556274e-01,-3.272030968219041824e-03,-2.032681405544281006e-01,-1.898676455020904541e-01,7.917799800634384155e-02,7.434409856796264648e-02,-1.166898682713508606e-01,-1.884153932332992554e-01,1.183987557888031006e-01,-2.393921650946140289e-02,-1.190125755965709686e-02,-3.850491344928741455e-02,1.217557415366172791e-01,-8.575169742107391357e-02,-2.120451815426349640e-02,-4.307796657085418701e-01,1.496101357042789459e-02,5.512293055653572083e-02,-4.342928994446992874e-03,2.293787002563476562e-01,-2.661394700407981873e-02,-2.797251045703887939e-01,-8.420122414827346802e-02,8.887536823749542236e-02,-7.441470772027969360e-02,9.319262206554412842e-02,-2.026779800653457642e-01,-1.605968922376632690e-01,-8.738876879215240479e-02,-1.554143577814102173e-01,2.473794296383857727e-02,2.592011988162994385e-01,-1.679561436176300049e-01,-1.321201026439666748e-01,2.760574035346508026e-02,-1.756439208984375000e-01,-1.024406999349594116e-01,-4.076949059963226318e-01,-1.115867793560028076e-01,-1.108468323945999146e-01,-8.065523952245712280e-02,-4.867081940174102783e-01,-1.214297190308570862e-01,-8.002348244190216064e-02,-8.825103938579559326e-02,1.068657413125038147e-01,-1.633226871490478516e-03,1.025759205222129822e-01,-1.440328508615493774e-01,-1.757274419069290161e-01,-1.176357045769691467e-01,4.773933440446853638e-03,2.082107961177825928e-02,-3.657299578189849854e-01,-2.954061925411224365e-01,-2.285152226686477661e-01
-6.243456900119781494e-02,2.184487693011760712e-02,-9.939101338386535645e-02,-1.221657097339630127e-01,5.137533694505691528e-02,-5.610382184386253357e-02,3.692936897277832031e-02,-1.205735653638839722e-01,1.982531249523162842e-01,4.995089396834373474e-02,-4.458100534975528717e-03,-2.387084066867828369e-01,-8.233747631311416626e-02,5.959592759609222412e-02,1.652677953243255615e-01,-1.066263020038604736e-01,-1.281796991825103760e-01,7.967976853251457214e-03,-9.486012905836105347e-02,7.376971840858459473e-02,1.571963280439376831e-01,-8.373052813112735748e-03,1.064532846212387085e-01,1.136049777269363403e-01,-4.068940877914428711e-02,-1.439351886510848999e-01,-1.742969304323196411e-01,6.093192100524902344e-02,1.271180063486099243e-01,4.495245590806007385e-02,5.893380567431449890e-02,-7.405195850878953934e-03,1.585397422313690186e-01,-7.925141602754592896e-02,1.147288382053375244e-01,-3.513636440038681030e-02,1.447042822837829590e-01,-1.363487243652343750e-01,1.441309303045272827e-01,1.660162508487701416e-01,-7.571266591548919678e-02,1.821536570787429810e-01,-1.306365877389907837e-01,6.655290722846984863e-02,9.279350750148296356e-03,-1.671717874705791473e-02,-2.883771061897277832e-02,1.064784526824951172e-01,-4.959414526820182800e-02,8.951715379953384399e-02,-1.574025116860866547e-02,-1.328319013118743896e-01,-3.309364989399909973e-02,-1.349357068538665771e-01,-1.100453734397888184e-02,-3.214626759290695190e-02,1.215027272701263428e-01,8.163067698478698730e-02,-1.186138615012168884e-01,-8.273404091596603394e-02,6.503907591104507446e-02,1.670758873224258423e-01,-2.182083204388618469e-02,1.558625698089599609e-01
-1.591870039701461792e-01,-2.133182063698768616e-02,8.024091273546218872e-02,-1.165442243218421936e-01,8.914254605770111084e-02,-1.471026390790939331e-01,1.796828359365463257e-01,1.101325228810310364e-01,-9.823914617300033569e-02,7.285723090171813965e-02,-9.408479183912277222e-02,1.748028099536895752e-01,-1.850819773972034454e-02,-1.780881918966770172e-02,1.801695208996534348e-03,-1.623924970626831055e-01,-1.725164055824279785e-01,-1.226330548524856567e-01,1.094579845666885376e-01,-1.044608950614929199e-01,1.449014693498611450e-01,-1.889667212963104248e-01,-9.096726775169372559e-02,1.946541294455528259e-02,-5.981101095676422119e-02,1.076665967702865601e-01,-7.913497090339660645e-02,6.958397477865219116e-02,-9.390750527381896973e-02,8.730801194906234741e-02,1.323953922837972641e-02,1.231867671012878418e-01,4.957374557852745056e-02,-5.792031064629554749e-02,-1.668194122612476349e-02,-1.153143644332885742e-01,1.351318955421447754e-01,-9.470358490943908691e-02,-1.212077736854553223e-01,6.934203207492828369e-02,2.691378351300954819e-03,1.930165290832519531e-02,-7.907957583665847778e-02,4.798901081085205078e-02,5.315265059471130371e-02,-9.091925621032714844e-02,-1.934659630060195923e-01,2.414508163928985596e-02,-4.911706969141960144e-02,-1.005762517452239990e-01,-8.824127912521362305e-02,6.862067431211471558e-02,-7.018949091434478760e-02,-1.163138896226882935e-01,1.740061789751052856e-01,1.659580916166305542e-01,5.419782921671867371e-02,-1.360367424786090851e-02,1.441599875688552856e-01,-7.089121639728546143e-02,1.851155608892440796e-01,-1.123438104987144470e-01,-1.232579797506332397e-01,-1.761454641819000244e-01
1.575577110052108765e-01,1.972120106220245361e-01,-3.944114968180656433e-02,6.954731792211532593e-02,2.295051217079162598e-01,2.761854790151119232e-02,1.618738919496536255e-01,-8.301020413637161255e-02,-2.953472733497619629e-02,4.164374992251396179e-02,5.985786393284797668e-02,-4.621990490704774857e-03,-2.813357710838317871e-01,1.001016721129417419e-01,3.297476097941398621e-02,-3.365144878625869751e-02,-2.127662450075149536e-01,-1.218815445899963379e-01,5.855573341250419617e-02,9.296078234910964966e-02,-1.320299506187438965e-01,-2.255819439888000488e-01,-1.250683218240737915e-01,-1.732500046491622925e-01,-1.393804699182510376e-01,-8.090873062610626221e-02,-1.609345674514770508e-01,4.145614802837371826e-02,-1.360204163938760757e-02,-9.500363469123840332e-02,-5.131817888468503952e-03,-5.161097273230552673e-02,-1.186368986964225769e-02,7.170319557189941406e-03,3.958677127957344055e-02,-2.325353957712650299e-02,-1.562774414196610451e-03,-1.071199253201484680e-01,-4.240244254469871521e-02,-2.997398935258388519e-02,-1.688848882913589478e-01,-2.413432896137237549e-01,1.283899098634719849e-01,-4.935864508152008057e-01,-2.305089235305786133e-01,-4.131068587303161621e-01,6.296018511056900024e-02,-1.108500063419342041e-01,9.615191817283630371e-02,-5.523526296019554138e-02,-5.116244778037071228e-02,-1.718482524156570435e-01,-2.954284846782684326e-01,-9.642328321933746338e-02,9.746913611888885498e-02,-9.120678901672363281e-02,-9.906020760536193848e-02,-7.724819332361221313e-02,-2.992481887340545654e-01,-1.047876924276351929e-01,-2.132984697818756104e-01,-1.575793623924255371e-01,-1.005118638277053833e-01,-5.484872683882713318e-02
-1.150132268667221069e-01,9.500424563884735107e-02,-1.894223242998123169e-01,-5.155237764120101929e-02,1.012150794267654419e-01,1.779624968767166138e-01,-3.128116950392723083e-02,1.041124984622001648e-01,5.816360563039779663e-02,-1.266964375972747803e-01,1.622134298086166382e-01,-8.958984911441802979e-02,7.922465912997722626e-03,8.818328380584716797e-02,1.764056086540222168e-02,-1.004317253828048706e-01,1.167042031884193420e-01,1.106692403554916382e-01,2.705671824514865875e-03,6.841985881328582764e-02,6.908439844846725464e-02,2.625934407114982605e-02,-6.815520673990249634e-02,6.301736831665039062e-02,1.011529713869094849e-01,-9.299638867378234863e-02,9.425907582044601440e-02,1.531547750346362591e-03,-7.413178682327270508e-02,3.442003950476646423e-02,-5.670234933495521545e-02,1.386480033397674561e-02,2.438899828121066093e-03,-1.399047374725341797e-01,2.190716862678527832e-01,8.972810208797454834e-02,-1.645410433411598206e-02,1.471684575080871582e-01,9.832406789064407349e-02,9.755951911211013794e-02,1.566953212022781372e-01,1.237703487277030945e-01,-6.549177318811416626e-02,1.011739224195480347e-01,8.355428278446197510e-02,-4.143930226564407349e-02,-3.533576056361198425e-02,-7.498475909233093262e-02,-5.281399562954902649e-02,1.353135704994201660e-02,1.298312842845916748e-01,-5.124862119555473328e-02,-1.413059532642364502e-01,6.848134845495223999e-02,-1.625306010246276855e-01,-1.582055836915969849e-01,8.715404570102691650e-02,8.710591495037078857e-02,-1.484401226043701172e-01,8.962822705507278442e-02,1.086949333548545837e-01,-1.276372671127319336e-01,7.426106184720993042e-02,-3.190454840660095215e-02
5.189672857522964478e-02,1.067661941051483154e-01,-5.038623139262199402e-02,-1.366822272539138794e-01,-7.737306505441665649e-02,-3.267248347401618958e-02,-1.470524668693542480e-01,-4.314258396625518799e-01,8.757901191711425781e-02,2.132924646139144897e-02,-1.362368911504745483e-01,7.655271887779235840e-02,-1.938991993665695190e-02,1.607976853847503662e-01,-1.424522697925567627e-01,1.778412796556949615e-02,-2.020581066608428955e-02,-1.096766293048858643e-01,-2.169261686503887177e-02,-9.627328813076019287e-02,-1.440935283899307251e-01,-1.080143153667449951e-01,4.021281003952026367e-02,8.349869400262832642e-02,5.681130290031433105e-02,4.781385883688926697e-02,8.276336640119552612e-02,4.440405219793319702e-02,-1.017065197229385376e-01,1.237094551324844360e-01,-2.352642118930816650e-01,-1.106786727905273438e-02,5.848071351647377014e-02,6.277347449213266373e-03,-2.691127359867095947e-01,-1.409255415201187134e-01,-1.283806562423706055e-01,3.809745609760284424e-02,-7.810297608375549316e-02,7.865022867918014526e-02,-5.968438088893890381e-02,-3.424721062183380127e-01,-1.162667348980903625e-01,-2.076082825660705566e-01,-2.135797888040542603e-01,-1.004786342382431030e-01,-1.441848427057266235e-01,-1.613635867834091187e-01,-3.202820941805839539e-02,-5.163261890411376953e-01,5.022322013974189758e-02,1.083724275231361389e-01,-1.619338393211364746e-01,-4.677221179008483887e-02,9.664298593997955322e-02,1.895598322153091431e-01,-6.898616254329681396e-02,-9.850114583969116211e-02,-2.663697898387908936e-01,-3.929349407553672791e-02,-6.697177886962890625e-02,-2.279891967773437500e-01,-1.368356049060821533e-01,-1.290702670812606812e-01
-1.172364652156829834e-01,2.272786013782024384e-02,3.780612349510192871e-02,-1.323686819523572922e-02,4.418962076306343079e-02,2.141810208559036255e-02,-5.114402994513511658e-02,-2.773134037852287292e-02,-1.453310251235961914e-01,-7.435629516839981079e-02,1.749152541160583496e-01,-2.209656089544296265e-01,-5.575786903500556946e-02,-3.248366713523864746e-02,1.395281851291656494e-01,-2.419738844037055969e-02,-5.357663705945014954e-02,3.157758414745330811e-01,-1.484451740980148315e-01,7.023231685161590576e-02,-1.403948962688446045e-01,-7.172745466232299805e-02,-3.252075240015983582e-02,3.172518312931060791e-01,1.506352573633193970e-01,-1.446734927594661713e-02,-1.158652529120445251e-01,-3.764365613460540771e-01,9.848206490278244019e-02,1.295811831951141357e-01,1.109599098563194275e-01,-2.066348493099212646e-01,-5.854936316609382629e-02,-1.445614397525787354e-01,1.457808315753936768e-01,-1.386207938194274902e-01,-4.408920183777809143e-02,-1.070449650287628174e-01,6.628043483942747116e-03,1.091955751180648804e-01,1.041297018527984619e-01,-3.455916643142700195e-01,2.641720883548259735e-02,1.218578219413757324e-02,-5.017873831093311310e-03,-1.227410510182380676e-01,-1.249750256538391113e-01,8.162767626345157623e-03,-8.093330264091491699e-02,1.207253187894821167e-01,9.239951521158218384e-02,-1.689306050539016724e-01,-1.458033919334411621e-01,2.954828552901744843e-02,1.018481031060218811e-01,-4.361135512590408325e-02,-1.426294352859258652e-02,7.261189818382263184e-02,-2.350101023912429810e-01,-1.439329534769058228e-01,-1.184843759983778000e-02,4.045369103550910950e-02,-1.953430324792861938e-01,-1.783767193555831909e-01
-2.266221046447753906e-01,-1.168719530105590820e+00,1.062791109085083008e+00,-7.834756374359130859e+00,-1.289707124233245850e-01,-4.619352146983146667e-02,-3.115165531635284424e-01,-2.602284669876098633e+00,-1.460146009922027588e-01,4.795736074447631836e-01,-3.431097745895385742e+00,1.573512405157089233e-01,-7.957330703735351562e+00,7.428418612107634544e-04,1.977794766426086426e+00,2.173571348190307617e+00,3.632795333862304688e+00,2.241830825805664062e+00,-1.819596886634826660e-01,-3.697405159473419189e-01,-8.434181809425354004e-01,-2.152416259050369263e-01,-1.958138942718505859e-01,-2.581807076930999756e-01,-3.490405321121215820e+00,-4.089747369289398193e-02,3.182343766093254089e-02,-3.578698158264160156e+00,-1.193262115120887756e-01,2.984054386615753174e-01,-3.777081012725830078e+00,-1.162352487444877625e-01,-2.660351514816284180e+00,-5.888366699218750000e+00,-3.034313023090362549e-01,-1.243188530206680298e-01,8.261289000511169434e-01,1.214138511568307877e-02,-1.913444846868515015e-01,4.467666745185852051e-01,-9.705974906682968140e-02,-7.768581807613372803e-02,-5.867087095975875854e-02,-1.486208558082580566e+00,-3.858507573604583740e-01,-8.891495704650878906e+00,-4.051596164703369141e+00,-5.376416072249412537e-02,-3.880701959133148193e-01,-1.006158709526062012e+00,3.637954711914062500e+00,8.374437689781188965e-01,-2.287800908088684082e-01,-3.090142250061035156e+00,-3.687918558716773987e-02,-6.413627266883850098e-01,-2.299796491861343384e-01,1.619401335716247559e+00,6.344164013862609863e-01,-4.795875072479248047e+00,1.316474914550781250e+00,1.233360052108764648e+00,-2.427694797515869141e-01,-6.644205749034881592e-02
1.067872494459152222e-01,3.047377243638038635e-02,1.261711865663528442e-01,2.073810994625091553e-02,5.320491269230842590e-02,3.060832247138023376e-02,-2.058687619864940643e-02,5.732949823141098022e-02,-9.509245306253433228e-02,1.606701761484146118e-01,-2.908316999673843384e-02,-1.704250872135162354e-01,8.443833887577056885e-02,-3.360289335250854492e-02,-8.719140291213989258e-02,4.364524781703948975e-02,-6.048157066106796265e-02,-2.501676417887210846e-02,8.783648908138275146e-02,-1.096243113279342651e-01,7.048491388559341431e-02,1.006207615137100220e-01,-4.852020740509033203e-02,-6.910521071404218674e-03,-1.302875429391860962e-01,-1.341643780469894409e-01,-9.119918197393417358e-02,-1.585927307605743408e-01,1.348103731870651245e-01,1.158252879977226257e-01,1.330954432487487793e-01,-8.106621354818344116e-02,4.297140613198280334e-02,-5.228426307439804077e-02,1.184457913041114807e-01,7.626043260097503662e-02,-4.798715934157371521e-02,-1.223885416984558105e-01,1.167670041322708130e-01,9.703583270311355591e-02,-1.515200436115264893e-01,6.139830127358436584e-02,-1.204589977860450745e-01,-1.379059106111526489e-01,1.226544752717018127e-01,6.260314956307411194e-03,5.125574395060539246e-02,-4.584303498268127441e-02,1.267476528882980347e-01,-1.480459421873092651e-01,1.226089671254158020e-01,-1.111490353941917419e-01,7.575456053018569946e-02,-5.348873883485794067e-02,-1.112880781292915344e-01,-9.762261807918548584e-02,-3.931310772895812988e-02,-1.418870035558938980e-02,1.763265728950500488e-01,1.365420818328857422e-01,-7.993383705615997314e-02,1.457039564847946167e-01,-3.578511252999305725e-02,-1.822632551193237305e-02
-1.295164376497268677e-01,1.574334949254989624e-01,8.015871793031692505e-02,9.363986551761627197e-03,-1.828083954751491547e-02,-1.100679393857717514e-02,-1.499853730201721191e-01,1.056379526853561401e-01,3.396181389689445496e-02,1.201551109552383423e-01,1.401709467172622681e-01,1.347711384296417236e-01,1.800274848937988281e-01,-1.164169982075691223e-01,-4.809480160474777222e-02,4.369277879595756531e-02,6.252617388963699341e-02,-7.725141197443008423e-02,3.139736130833625793e-02,-1.864815652370452881e-01,-1.097492203116416931e-01,-3.835042007267475128e-03,-1.515659242868423462e-01,-1.486557871103286743e-01,2.518548071384429932e-02,-9.806910529732704163e-03,-1.878367066383361816e-01,-5.118005350232124329e-02,2.930507436394691467e-02,1.122979074716567993e-01,8.115503937005996704e-02,8.434659242630004883e-02,-3.252086788415908813e-02,4.880967736244201660e-02,-1.358023192733526230e-02,-9.758710861206054688e-02,1.002127602696418762e-01,1.282778531312942505e-01,-6.552974134683609009e-02,-2.456010319292545319e-03,-1.580716669559478760e-01,-3.991355374455451965e-02,1.851797848939895630e-02,-1.086681559681892395e-01,6.399848032742738724e-03,-1.657005399465560913e-01,3.808214887976646423e-02,1.569929420948028564e-01,-1.992765367031097412e-01,6.541131436824798584e-02,-1.711280345916748047e-01,1.715832203626632690e-02,4.942397028207778931e-02,-2.510729804635047913e-02,-6.186964735388755798e-02,-4.084192961454391479e-02,-8.563791215419769287e-02,-1.264463812112808228e-01,1.032938584685325623e-01,1.119382679462432861e-02,1.149470955133438110e-01,-2.937503531575202942e-02,-1.085029244422912598e-01,6.829164177179336548e-02
-1.030418276786804199e-02,1.099944353103637695e+00,-7.858783006668090820e-01,3.418529331684112549e-01,1.433671265840530396e-01,-2.673314213752746582e-01,-5.416228994727134705e-02,-3.593749523162841797e+00,-9.877181053161621094e-02,-3.006730675697326660e-01,-5.660959482192993164e-01,5.621611326932907104e-02,-4.828335285186767578e+00,1.274331659078598022e-01,-2.784896850585937500e+00,1.688904762268066406e+00,-4.328184127807617188e-01,2.549782276153564453e+00,2.682858146727085114e-02,-2.616945421323180199e-03,5.171149373054504395e-01,-2.382037490606307983e-01,-1.533870678395032883e-02,-3.554437458515167236e-01,6.938636302947998047e-01,-2.275977581739425659e-01,6.853294372558593750e-02,-8.125898361206054688e+00,-1.607158631086349487e-01,-9.696364402770996094e-01,-4.319571495056152344e+00,-2.515173554420471191e-01,-1.085230946540832520e+00,-1.101432681083679199e+00,5.494997650384902954e-02,-2.232801914215087891e-01,1.063119292259216309e+00,-8.081928640604019165e-02,9.982582926750183105e-02,-3.999447822570800781e+00,8.383698463439941406e-01,-2.308456413447856903e-02,-2.406446635723114014e-02,2.175036191940307617e+00,-4.464569985866546631e-01,2.400196045637130737e-01,-7.007375717163085938e+00,3.606883063912391663e-02,4.333297312259674072e-01,-1.532649517059326172e+00,-4.353042125701904297e+00,-4.485006034374237061e-01,1.882012933492660522e-01,-5.513592720031738281e+00,8.020423352718353271e-02,-4.808450043201446533e-01,1.080200076103210449e-01,-4.805439472198486328e+00,-5.013832449913024902e-01,-1.158759784698486328e+01,-2.264929294586181641e+00,-5.376597642898559570e-01,-1.441629976034164429e-01,-1.247725859284400940e-01
-6.814613938331604004e-02,4.203626513481140137e-02,-1.085213422775268555e-01,1.271550506353378296e-01,4.623414203524589539e-02,2.854184992611408234e-02,-1.026576384902000427e-01,4.220240190625190735e-02,2.672371454536914825e-02,-9.013435989618301392e-02,1.623444259166717529e-01,1.097692698240280151e-01,-7.429122924804687500e-02,3.796792402863502502e-02,-4.268078133463859558e-02,6.795057654380798340e-02,1.646491140127182007e-01,-8.707656711339950562e-02,-7.204900681972503662e-02,1.759209483861923218e-01,5.343259871006011963e-02,1.020690798759460449e-02,1.264627426862716675e-01,-6.282809376716613770e-02,-5.676700174808502197e-02,8.328111469745635986e-02,4.925937578082084656e-02,2.459715120494365692e-02,-1.189329251646995544e-01,8.741132915019989014e-02,1.002996340394020081e-01,1.037422269582748413e-01,-4.373024031519889832e-02,-1.851305365562438965e-03,1.887819319963455200e-01,-3.624603152275085449e-02,-7.601822167634963989e-02,1.327212154865264893e-02,1.559009402990341187e-01,-1.869835108518600464e-01,-1.306155472993850708e-01,-5.740956217050552368e-02,-4.002267867326736450e-02,9.995432198047637939e-02,5.505149066448211670e-02,-1.275276094675064087e-01,-1.898665577173233032e-01,-8.488409221172332764e-02,5.874512717127799988e-02,9.134974330663681030e-02,-1.220803558826446533e-01,-9.083695709705352783e-03,2.179468283429741859e-03,3.927987441420555115e-02,-6.442166864871978760e-02,-4.847471043467521667e-02,1.200647801160812378e-01,7.497821003198623657e-02,3.809397295117378235e-02,8.970980346202850342e-02,-6.349763274192810059e-02,6.184674799442291260e-02,1.015420332551002502e-01,1.181231290102005005e-01
-1.720124036073684692e-01,1.128170013427734375e+00,2.429030090570449829e-01,-4.196882724761962891e+00,-2.387538319453597069e-03,1.097823493182659149e-02,-2.219846248626708984e-01,4.640362739562988281e+00,-8.575972914695739746e-02,-7.860654592514038086e-01,-8.751294136047363281e+00,-2.515995502471923828e-01,-8.450184822082519531e+00,-1.012122929096221924e-01,6.303668618202209473e-01,-3.449979722499847412e-01,-2.758104562759399414e+00,5.160478353500366211e-01,-7.322540134191513062e-02,-2.956425547599792480e-01,3.848194837570190430e+00,-2.480549067258834839e-01,-1.053046509623527527e-01,2.280508041381835938e+00,-5.891164302825927734e+00,-1.010431349277496338e-01,-1.563213765621185303e-02,-4.343575835227966309e-01,-9.868761897087097168e-02,-2.952103912830352783e-01,1.350137352943420410e+00,9.729802608489990234e-03,2.221606969833374023e+00,1.823830842971801758e+00,-7.089968323707580566e-01,-2.676960527896881104e-01,6.046385169029235840e-01,5.440649762749671936e-02,7.156100869178771973e-02,5.830617547035217285e-01,-1.351337552070617676e+00,-3.608163893222808838e-01,-1.116403862833976746e-01,8.016620874404907227e-01,-1.629604697227478027e+00,-1.752725005149841309e+00,-1.230342984199523926e+00,-2.766113281250000000e-01,-3.506611287593841553e-01,-7.921243906021118164e-01,2.442108392715454102e+00,-1.689335227012634277e+00,-2.946660220623016357e-01,-7.528613507747650146e-02,-8.500889688730239868e-02,3.790827691555023193e-01,-2.014496922492980957e-01,-1.634732365608215332e+00,-1.595898032188415527e+00,1.070659518241882324e+00,2.819956541061401367e-01,2.423283100128173828e+00,1.309238187968730927e-02,-9.764035791158676147e-02
-8.839294314384460449e-02,-1.336745545268058777e-02,1.479195475578308105e+00,-8.016623258590698242e-01,-1.425287276506423950e-01,1.855905912816524506e-02,-2.546414434909820557e-01,-2.521755409240722656e+01,4.864700511097908020e-02,-5.654521465301513672e+00,-1.710785031318664551e+00,-3.178292512893676758e-02,5.154668688774108887e-01,-1.014603897929191589e-01,-1.538401842117309570e+00,-8.997939825057983398e-01,5.518006160855293274e-02,-2.098724126815795898e+00,-1.437414884567260742e-01,-4.172592610120773315e-02,-2.457381963729858398e+00,-1.057886406779289246e-01,-2.616221308708190918e-01,-3.517892360687255859e-01,-2.360296249389648438e+00,-3.965441882610321045e-02,-1.627910137176513672e-01,1.106950640678405762e+00,-2.475332617759704590e-01,-5.996960401535034180e-01,-1.342175602912902832e+00,-1.148610040545463562e-01,-3.334858119487762451e-01,-1.369827747344970703e+00,-3.687316775321960449e-01,-2.277043908834457397e-01,4.862368106842041016e-01,-1.861205548048019409e-01,-4.203283414244651794e-02,4.901016131043434143e-02,-7.361152172088623047e+00,4.593595266342163086e-01,-1.329244859516620636e-02,9.324851036071777344e-01,2.986434698104858398e+00,-1.775468587875366211e-01,-1.085176587104797363e+00,-2.199273258447647095e-01,4.547932744026184082e-01,1.307795643806457520e+00,-3.664610683917999268e-01,3.309716582298278809e-01,-2.720537781715393066e-01,-9.276682734489440918e-01,-2.194510996341705322e-01,1.803994178771972656e+00,1.004398316144943237e-01,1.273877501487731934e+00,1.536905050277709961e+00,-2.039225339889526367e+00,-7.234834432601928711e-01,-4.398265361785888672e+00,-7.536007463932037354e-02,-3.871511816978454590e-01
1.131959408521652222e-01,-8.045031130313873291e-02,-4.253895580768585205e-02,2.252590842545032501e-02,-2.830503694713115692e-02,1.167592941783368587e-03,-1.904920041561126709e-01,-2.615787386894226074e-01,-5.294614657759666443e-02,-7.761496305465698242e-02,-2.096893489360809326e-01,-1.814423352479934692e-01,1.323829293251037598e-01,-1.143049821257591248e-01,1.765132136642932892e-02,-1.835139691829681396e-01,-9.765189886093139648e-02,4.235756024718284607e-02,-2.145930528640747070e-01,5.147260054945945740e-02,-7.525163143873214722e-02,-1.128455996513366699e-02,-1.544732004404067993e-01,1.348348110914230347e-01,3.152470663189888000e-02,9.981019049882888794e-02,-2.858553268015384674e-02,6.512101739645004272e-02,-1.146344989538192749e-01,-8.314776420593261719e-02,-2.089488692581653595e-02,4.441998153924942017e-02,7.452149689197540283e-02,8.538091182708740234e-02,-1.089619249105453491e-01,5.538037791848182678e-02,4.178609699010848999e-02,-1.789270341396331787e-01,-8.666794002056121826e-02,-1.046877130866050720e-01,-5.302607417106628418e-01,-2.711946889758110046e-02,8.412630110979080200e-02,-1.521809697151184082e-01,-3.199631348252296448e-02,1.397778512910008430e-03,-7.921244204044342041e-02,1.445427536964416504e-03,9.858318418264389038e-02,-1.281712800264358521e-01,-8.567238599061965942e-02,3.076075203716754913e-02,1.039790734648704529e-01,-3.053868189454078674e-02,-1.332865059375762939e-01,-1.661104857921600342e-01,1.483359485864639282e-01,1.604715436697006226e-01,-7.249740511178970337e-02,-1.390840709209442139e-01,-5.163651332259178162e-02,7.463986426591873169e-02,1.472366303205490112e-01,-7.125476747751235962e-02
-1.876849681138992310e-01,-8.292996287345886230e-01,-1.547250151634216309e+00,-2.243848562240600586e+00,9.007885120809078217e-03,-1.040177792310714722e-01,-4.868395924568176270e-01,-4.398477375507354736e-01,2.786596715450286865e-01,2.719009816646575928e-01,-1.475677251815795898e+00,-1.390514969825744629e-01,-1.537611103057861328e+01,-1.806564480066299438e-01,-4.355078220367431641e+00,-5.201102256774902344e+00,-7.539461255073547363e-01,-3.623775243759155273e-01,-1.614027172327041626e-01,-2.193604707717895508e-01,-1.870780706405639648e+00,-3.483546674251556396e-01,-6.746568530797958374e-02,-5.500447750091552734e-01,2.747859239578247070e+00,-1.507364958524703979e-01,6.577850878238677979e-02,1.844198107719421387e+00,-4.583214819431304932e-01,-2.744751691818237305e+00,-1.352621316909790039e+00,-5.182648450136184692e-02,6.969738006591796875e-01,6.607648730278015137e-01,-2.961645841598510742e+00,-1.373559236526489258e-01,9.355340003967285156e-01,-1.290980726480484009e-01,-1.502277404069900513e-01,-4.222121238708496094e+00,6.152477264404296875e-01,2.040719032287597656e+00,-9.798604063689708710e-03,-8.373926281929016113e-01,-2.990916967391967773e-01,-4.451309204101562500e+00,-4.487330913543701172e-01,-1.436263322830200195e-01,-1.425639748573303223e+00,-1.607056856155395508e+00,-1.245853805541992188e+01,9.706453680992126465e-01,-4.501347243785858154e-02,1.312538981437683105e+00,-1.475961655378341675e-01,6.518207192420959473e-01,-4.998141527175903320e-02,4.067923724651336670e-01,1.120217084884643555e+00,1.298001289367675781e+00,-5.193499565124511719e+00,-9.612286686897277832e-01,-1.420764923095703125e-01,-4.766756892204284668e-01
4.190678894519805908e-02,2.165151977539062500e+01,2.253123044967651367e+00,8.970149755477905273e-01,7.154736667871475220e-02,-1.955074220895767212e-01,-7.181542366743087769e-02,-7.547276616096496582e-01,7.036312818527221680e-01,-1.519056558609008789e+00,-3.758766353130340576e-01,2.947859764099121094e-01,9.222678840160369873e-02,1.408181041479110718e-01,-1.452313613891601562e+01,-1.219125747680664062e+01,-3.294298171997070312e+01,-1.965574264526367188e+00,-4.900728538632392883e-02,-4.377150908112525940e-02,4.737919569015502930e-01,-9.585048072040081024e-03,-6.462978571653366089e-02,4.804892063140869141e+00,-7.724977970123291016e+00,-1.577793061733245850e-01,1.147840395569801331e-01,-1.058813381195068359e+01,-1.672116667032241821e-02,3.654433727264404297e+00,7.516643047332763672e+00,8.686979115009307861e-02,-2.389068031311035156e+01,1.817559152841567993e-01,-2.545097732543945312e+01,3.257792592048645020e-01,1.913447976112365723e+00,-7.852817326784133911e-02,5.474067851901054382e-02,-3.250746250152587891e+00,-5.658956527709960938e+00,2.634501934051513672e+00,-1.119106858968734741e-01,-5.264753818511962891e+00,-5.432450771331787109e+00,-8.661377429962158203e-01,4.382775425910949707e-01,-1.501162052154541016e-01,1.237706661224365234e+01,-1.529423952102661133e+00,-7.037128806114196777e-01,-2.349918484687805176e-01,-2.677568197250366211e-01,-2.888966083526611328e+00,-1.024269759654998779e-01,-4.597881734371185303e-01,-2.276274114847183228e-01,6.457722783088684082e-01,-1.601716637611389160e+00,-3.769866466522216797e+00,6.649916648864746094e+00,1.187851667404174805e+00,-4.733178764581680298e-02,-2.304331399500370026e-02
-7.134560495615005493e-02,2.490910328924655914e-02,9.596204757690429688e-01,-8.714348673820495605e-01,-1.847465187311172485e-01,-2.558347284793853760e-01,-2.524887025356292725e-01,-3.252247619628906250e+01,7.305020093917846680e-02,1.965541243553161621e+00,2.486591815948486328e+00,3.004713356494903564e-01,-2.029038429260253906e+01,8.829690515995025635e-02,2.573030948638916016e+00,5.777056217193603516e-01,-1.187191843986511230e+00,6.385402679443359375e+00,9.504702687263488770e-02,-2.974928021430969238e-01,-3.031193923950195312e+01,-1.147584691643714905e-01,-1.202234625816345215e-02,-2.711006999015808105e-01,2.704019069671630859e+00,1.057928055524826050e-01,5.460975319147109985e-02,-7.359493732452392578e+00,6.804878264665603638e-02,1.859955787658691406e-01,-2.167083740234375000e+00,-1.795417070388793945e-01,3.935874998569488525e-01,-9.854936599731445312e-01,-1.719969868659973145e+00,-1.064684242010116577e-02,1.740245819091796875e+00,-1.434682905673980713e-01,-1.106938421726226807e-01,5.015800893306732178e-02,1.221276164054870605e+00,-5.481485277414321899e-02,-1.352214254438877106e-02,-7.667258381843566895e-01,6.773151755332946777e-01,-1.720331001281738281e+01,-5.160431265830993652e-01,-3.263014182448387146e-02,1.206013038754463196e-01,-2.139739418029785156e+01,-2.157354831695556641e+00,5.253199338912963867e-01,-3.726336956024169922e-01,-3.743343055248260498e-01,2.541329525411128998e-02,2.204735040664672852e+00,-2.248767018318176270e-01,-1.810760617256164551e+00,-6.651883721351623535e-01,-1.808477759361267090e+00,4.993107318878173828e-01,1.076660752296447754e+00,-1.387116909027099609e-01,-3.399931788444519043e-01
-9.581816941499710083e-02,-7.727288454771041870e-02,1.558617688715457916e-02,6.020219251513481140e-02,4.176136478781700134e-02,3.154866397380828857e-02,-7.074099034070968628e-02,1.385554671287536621e-02,1.915460452437400818e-02,2.709514275193214417e-02,3.410753235220909119e-02,9.460903704166412354e-02,-1.658607870340347290e-01,1.146609634160995483e-01,4.749326407909393311e-02,1.694779545068740845e-01,9.449794888496398926e-02,-2.989960312843322754e-01,-3.831563144922256470e-02,-2.605438465252518654e-03,1.541877388954162598e-01,-2.283536456525325775e-02,-1.100326552987098694e-01,5.772298900410532951e-04,-2.688589692115783691e-02,1.014595776796340942e-01,-1.745889186859130859e-01,-7.028632611036300659e-02,-1.139646023511886597e-01,-1.561161428689956665e-01,1.134233474731445312e-01,4.803778231143951416e-02,-7.043379545211791992e-02,5.422280728816986084e-02,1.120495051145553589e-01,8.511643856763839722e-02,-1.670598834753036499e-01,4.253590106964111328e-02,-1.287184655666351318e-01,1.414273828268051147e-01,2.879363596439361572e-01,-3.695516660809516907e-02,1.472473293542861938e-01,4.470196366310119629e-02,6.667278707027435303e-03,1.008599698543548584e-01,-1.091269403696060181e-01,-9.887203574180603027e-02,-1.241170912981033325e-01,-2.524489536881446838e-02,-9.841044247150421143e-02,1.120553985238075256e-01,3.384954854846000671e-02,-2.940983772277832031e-01,1.036973893642425537e-01,1.248700544238090515e-01,8.415005356073379517e-02,1.766507923603057861e-01,-2.068553306162357330e-02,4.438284784555435181e-02,-1.099164225161075592e-02,-2.812757156789302826e-02,-9.752513468265533447e-02,1.150238886475563049e-01
-1.710774302482604980e-01,-9.029080392792820930e-04,-2.015850841999053955e-01,1.162774637341499329e-01,-1.829015165567398071e-01,1.645443886518478394e-01,2.035589516162872314e-01,-5.858071893453598022e-02,6.231914833188056946e-02,2.514925412833690643e-02,-1.592107266187667847e-01,1.240027323365211487e-01,1.464965194463729858e-01,2.437819028273224831e-03,-9.346625767648220062e-03,-1.773889064788818359e-01,1.554887443780899048e-01,-1.845549792051315308e-01,4.526428878307342529e-02,1.509757041931152344e-01,-7.039318233728408813e-02,-4.558272287249565125e-02,-1.383389066904783249e-02,-7.535157352685928345e-02,-3.365732729434967041e-02,4.966859892010688782e-02,-1.395383179187774658e-01,-6.486258655786514282e-02,6.868474930524826050e-02,-1.764893531799316406e-01,3.511618077754974365e-02,8.568539284169673920e-03,1.034112647175788879e-02,-9.650155156850814819e-02,1.693874001502990723e-01,-1.323941349983215332e-02,3.492809087038040161e-02,2.686123130843043327e-03,5.003986135125160217e-02,3.557352349162101746e-02,-1.837429404258728027e-01,-4.763250797986984253e-02,1.641897708177566528e-01,-2.004049420356750488e-01,1.761997491121292114e-02,-5.398183315992355347e-02,7.948639243841171265e-02,8.680256456136703491e-02,-1.181483864784240723e-01,-1.552904546260833740e-01,-2.986768726259469986e-03,-1.742186695337295532e-01,-1.192008852958679199e-01,2.200281433761119843e-02,1.237524449825286865e-01,1.555942744016647339e-01,8.620542287826538086e-02,-1.576972156763076782e-01,6.856073439121246338e-02,2.521406393498182297e-03,-6.943089514970779419e-02,-1.724825426936149597e-02,-6.898062676191329956e-02,-6.192730367183685303e-02
7.094965130090713501e-02,9.401067733764648438e+00,-1.278408169746398926e+00,4.596504271030426025e-01,8.213365823030471802e-02,-1.890038549900054932e-01,-2.790577411651611328e-01,-1.303638339042663574e+00,2.961036920547485352e+00,3.302243947982788086e+00,-1.008246421813964844e+01,-7.289876788854598999e-02,3.622621059417724609e+00,-1.279783435165882111e-02,-3.383594989776611328e+00,9.657641649246215820e-01,-4.290148317813873291e-01,-2.935777473449707031e+01,6.671524047851562500e-02,-3.090141117572784424e-01,-7.626119256019592285e-01,9.173896163702011108e-02,-1.018801238387823105e-02,-1.337241649627685547e+00,2.001775741577148438e+00,-1.792540773749351501e-02,-1.328817456960678101e-01,-1.532840490341186523e+00,2.935202978551387787e-02,3.075579643249511719e+00,-1.712356090545654297e+00,1.591918058693408966e-02,4.913481712341308594e+00,-4.268451333045959473e-01,-4.270284175872802734e-01,3.644894808530807495e-02,-1.384047031402587891e+00,-9.274294227361679077e-02,-1.264596134424209595e-01,-2.995175123214721680e+00,5.256249904632568359e+00,-3.552169799804687500e-01,2.571564726531505585e-02,-1.225888371467590332e+00,2.800166368484497070e+00,-4.718284308910369873e-01,-1.891708183288574219e+01,-4.382548481225967407e-02,-4.493630409240722656e+00,6.063180565834045410e-01,6.612830758094787598e-01,3.126748323440551758e+00,-3.021637909114360809e-02,-3.605125844478607178e-01,-1.482523530721664429e-01,5.048429489135742188e+00,-2.757965922355651855e-01,-3.869516849517822266e-01,-1.817804574966430664e+00,-3.208307981491088867e+00,-3.012587547302246094e+00,3.606112599372863770e-01,5.295977368950843811e-02,-3.786307945847511292e-02
4.070070758461952209e-02,2.157057970762252808e-01,-2.235495328903198242e+00,-6.526045203208923340e-01,5.255295336246490479e-02,-7.292053848505020142e-02,1.835412532091140747e-01,-2.958497762680053711e+00,-1.395798772573471069e-01,-5.221103191375732422e+00,-1.476567268371582031e+00,-1.482884883880615234e-01,-1.654386758804321289e+00,5.909764766693115234e-02,7.233704924583435059e-01,-2.419974327087402344e+00,3.345048725605010986e-01,3.207179546356201172e+00,-8.748319745063781738e-02,-6.796766817569732666e-02,4.013820648193359375e+00,-3.389028906822204590e-01,-5.850310623645782471e-02,1.855254173278808594e-01,-1.577198028564453125e+00,1.055051460862159729e-01,-2.276176661252975464e-01,3.173863589763641357e-01,-1.080675423145294189e-02,2.728694677352905273e-01,-5.671555042266845703e+00,-2.208739668130874634e-01,6.017376184463500977e-01,2.951278209686279297e+00,8.390731811523437500e-01,8.707387745380401611e-02,-1.013989210128784180e+00,4.357071593403816223e-02,-1.350392103195190430e-01,1.583302140235900879e+00,-5.651112556457519531e+00,1.527498364448547363e-01,3.400403261184692383e-02,-5.172092914581298828e-01,-4.136906147003173828e+00,-7.411655426025390625e+00,-8.170062303543090820e-01,-3.221802413463592529e-02,5.147158354520797729e-02,-3.587559223175048828e+00,-1.998060494661331177e-01,-1.449710607528686523e+00,-7.320203185081481934e-01,6.638050079345703125e-01,-5.340984463691711426e-02,2.980360984802246094e+00,-5.183549597859382629e-02,9.085426926612854004e-01,-5.161545872688293457e-01,-1.371856021881103516e+01,6.329774260520935059e-01,3.563007354736328125e+00,-1.898810416460037231e-01,9.450583159923553467e-02
6.872648000717163086e-02,1.769020035862922668e-02,-1.524207442998886108e-01,-3.942683339118957520e-02,-1.890697926282882690e-01,-1.190033555030822754e-01,-1.146112084388732910e-01,-2.090327441692352295e-01,9.412512183189392090e-02,-1.792418062686920166e-01,-5.014666914939880371e-02,-2.111966758966445923e-01,3.835130110383033752e-02,-8.243467658758163452e-02,3.739087283611297607e-02,1.181812211871147156e-01,1.019992902874946594e-01,-1.398432906717061996e-02,-1.436190009117126465e-01,-1.135559901595115662e-01,8.619472384452819824e-02,-2.001624554395675659e-03,-6.219471246004104614e-02,-1.935800760984420776e-01,4.818737506866455078e-02,-1.530786603689193726e-01,-2.007633447647094727e-01,-5.109247192740440369e-02,1.559805870056152344e-01,-1.174698863178491592e-02,-1.175223737955093384e-01,-1.932114511728286743e-01,8.336941897869110107e-02,8.457409590482711792e-02,-5.721265450119972229e-02,9.881092607975006104e-02,8.472580462694168091e-03,8.969075977802276611e-02,7.449295371770858765e-02,7.226897031068801880e-02,4.149220511317253113e-02,-4.085515812039375305e-02,-8.753636479377746582e-02,1.603408753871917725e-01,-1.647660434246063232e-01,2.649782039225101471e-02,1.671842038631439209e-01,9.583237022161483765e-02,5.740897357463836670e-02,2.738075889647006989e-02,-1.496307551860809326e-02,-1.224175840616226196e-01,-1.735034957528114319e-02,1.690976172685623169e-01,5.069215595722198486e-02,-1.389385461807250977e-01,-1.047058552503585815e-01,-1.227871999144554138e-01,-2.106886357069015503e-01,-1.045153662562370300e-01,-1.313346326351165771e-01,-1.103683263063430786e-01,-3.348829969763755798e-02,1.428719703108072281e-02
-1.590706966817378998e-02,-1.416710019111633301e-01,5.932622551918029785e-01,2.146013975143432617e+00,-1.235191822052001953e-01,-2.640953287482261658e-02,1.240914338268339634e-03,3.608062267303466797e-01,-9.892817586660385132e-02,-2.150493621826171875e+00,-9.663811326026916504e-01,8.790601044893264771e-02,-4.443388462066650391e+00,1.587656885385513306e-01,8.305418491363525391e-01,-2.935076951980590820e-01,-7.293579578399658203e-01,2.135519266128540039e+00,-3.045040927827358246e-02,-8.676377534866333008e-01,2.898874521255493164e+00,4.630697518587112427e-02,-4.473476484417915344e-02,-1.605582684278488159e-01,-1.277323365211486816e-01,9.237643331289291382e-02,3.609548509120941162e-02,1.016029238700866699e+00,3.348425626754760742e-01,-8.767884969711303711e-02,-9.073252677917480469e-01,-2.459288239479064941e-01,-1.522678136825561523e+00,1.538873314857482910e+00,-3.236514329910278320e-01,-2.075103074312210083e-01,-6.637658476829528809e-01,-1.330416500568389893e-01,-7.791408151388168335e-02,2.277659654617309570e+00,-3.405197381973266602e+00,-2.448543719947338104e-02,-1.116417199373245239e-01,1.250689774751663208e-01,-3.319088935852050781e+00,-2.322241973876953125e+01,2.019963979721069336e+00,-2.086097933351993561e-02,2.720813453197479248e-01,-1.658577442169189453e+00,9.828847050666809082e-01,-2.454145401716232300e-01,-9.564273804426193237e-02,3.513652980327606201e-01,-2.616760134696960449e-01,1.785825014114379883e+00,-2.127743363380432129e-01,-6.543620228767395020e-01,9.017382264137268066e-01,-2.007349491119384766e+00,2.316871643066406250e+00,1.778615951538085938e+00,-1.321774125099182129e-01,-2.629059851169586182e-01
-1.651654541492462158e-01,2.972253412008285522e-02,-4.270667955279350281e-02,1.734818816184997559e-01,2.462252788245677948e-02,-1.347951740026473999e-01,-1.774726510047912598e-01,-2.361495792865753174e-02,3.512653522193431854e-03,9.011970460414886475e-02,-1.076549813151359558e-01,-9.819329530000686646e-02,-5.735746817663311958e-04,-1.627402454614639282e-01,-1.362804439850151539e-03,1.392650455236434937e-01,1.520203500986099243e-01,1.986455172300338745e-01,7.075752317905426025e-02,-2.718170359730720520e-02,6.365653872489929199e-02,9.243802726268768311e-02,-3.079214692115783691e-02,9.524689614772796631e-02,-2.922099828720092773e-02,1.412087529897689819e-01,-1.682979613542556763e-01,-1.645566672086715698e-01,1.226361319422721863e-01,1.046533659100532532e-01,1.249476447701454163e-01,-9.396285563707351685e-02,-3.721160441637039185e-02,-1.087180078029632568e-01,-4.248290881514549255e-02,1.079511493444442749e-01,-1.340616196393966675e-01,9.832106530666351318e-02,1.319008171558380127e-01,-1.135500799864530563e-02,1.625373214483261108e-01,1.753335446119308472e-01,-1.377689987421035767e-01,3.854044899344444275e-02,-9.042601287364959717e-02,-3.644699230790138245e-02,-7.078288495540618896e-02,-1.588247418403625488e-01,-1.457403227686882019e-02,-1.011224463582038879e-01,1.438900232315063477e-01,-1.511923819780349731e-01,-7.010124623775482178e-02,1.229839026927947998e-01,8.644609153270721436e-02,3.052805922925472260e-02,1.687650196254253387e-02,-7.066923379898071289e-02,-1.346509903669357300e-01,-5.937648564577102661e-02,1.872843503952026367e-02,-1.924945861101150513e-01,1.180170327425003052e-01,-9.190905839204788208e-02
4.867038130760192871e-02,2.692849934101104736e-02,1.436767429113388062e-01,-1.577348709106445312e-01,-3.800642490386962891e-02,7.507108151912689209e-02,1.008419245481491089e-01,-2.180306613445281982e-02,-2.360847592353820801e-02,-1.042941883206367493e-01,2.064318954944610596e-02,8.695691823959350586e-03,-1.513003557920455933e-01,-1.348917782306671143e-01,1.017700582742691040e-01,6.972293555736541748e-02,9.458251297473907471e-02,8.037017285823822021e-02,2.097696065902709961e-03,4.075524210929870605e-02,7.878611981868743896e-02,-1.231533437967300415e-01,7.964737713336944580e-02,1.576653271913528442e-01,-9.407530725002288818e-02,-3.221827745437622070e-02,1.805157959461212158e-02,-1.687605679035186768e-01,-1.107180863618850708e-01,-1.356758475303649902e-01,1.712665110826492310e-01,-9.343130141496658325e-02,1.408075541257858276e-01,9.561417996883392334e-02,-4.659497737884521484e-02,-8.119181543588638306e-02,4.785984754562377930e-03,3.293198347091674805e-02,-3.300030529499053955e-02,-1.243606209754943848e-02,1.263574808835983276e-01,-5.740927159786224365e-02,-8.349518477916717529e-02,1.670440882444381714e-01,-1.453579366207122803e-01,-4.113867878913879395e-03,4.475553333759307861e-02,-4.973581433296203613e-02,-1.319777965545654297e-02,-1.732283979654312134e-01,-1.621829271316528320e-01,-1.352045238018035889e-01,-7.355813682079315186e-02,-1.417565047740936279e-01,1.494589298963546753e-01,-1.433888822793960571e-01,-1.482866108417510986e-01,3.904500603675842285e-02,4.783266782760620117e-02,-6.863102316856384277e-03,1.545050293207168579e-01,3.712168335914611816e-02,-2.628555893898010254e-02,-1.110476255416870117e-02
-2.254552207887172699e-02,5.702043771743774414e-01,-1.797919347882270813e-02,-1.889793425798416138e-01,1.203217729926109314e-01,-8.700064569711685181e-02,3.685401752591133118e-02,-4.198915362358093262e-01,2.258546091616153717e-02,-3.882547914981842041e-01,3.359684348106384277e-01,-9.843402076512575150e-04,-4.566088318824768066e-01,-3.347254917025566101e-02,1.558442115783691406e-01,-1.380857974290847778e-01,-1.851933896541595459e-01,5.128021538257598877e-02,7.260610163211822510e-02,1.263748109340667725e-01,-5.772725939750671387e-01,-2.836975641548633575e-02,-1.222205162048339844e-01,9.619055688381195068e-02,1.935712248086929321e-02,-1.369943916797637939e-01,5.848812405019998550e-03,-6.722044944763183594e-01,1.208439394831657410e-01,6.447889208793640137e-01,4.126121476292610168e-02,-4.401026293635368347e-03,1.331510543823242188e-01,-1.291676331311464310e-02,1.996856480836868286e-01,1.089992448687553406e-01,1.312798857688903809e-01,-1.538183242082595825e-01,-1.781837642192840576e-01,-1.799364835023880005e-01,-3.169005811214447021e-01,-4.879433512687683105e-01,-1.274943649768829346e-01,6.295897066593170166e-02,3.105844259262084961e-01,-2.460532337427139282e-01,-9.764097630977630615e-02,-5.162142589688301086e-02,-3.946630284190177917e-02,-2.646106183528900146e-01,-9.230978786945343018e-03,-1.640771627426147461e-01,-1.206616610288619995e-01,4.736974537372589111e-01,-6.801764667034149170e-02,-4.592301547527313232e-01,5.008444190025329590e-02,-4.443694278597831726e-02,1.780162751674652100e-01,-2.507453858852386475e-01,-1.487560868263244629e-01,1.737585291266441345e-02,-8.252096176147460938e-02,-1.819372028112411499e-01
-1.379207372665405273e-01,-3.034861326217651367e+00,9.861091375350952148e-01,2.314300298690795898e+00,-1.224774718284606934e-01,3.492342308163642883e-02,-3.410651087760925293e-01,-9.652909040451049805e-01,-3.342618048191070557e-02,-1.142980575561523438e+00,-1.350073218345642090e-01,-1.452117413282394409e-01,-2.032514572143554688e+01,-2.245397120714187622e-01,-8.705832809209823608e-02,1.496892094612121582e+00,2.185994684696197510e-01,-2.650623083114624023e+00,-2.027758806943893433e-01,-5.040969252586364746e-01,3.026077508926391602e+00,-9.190037846565246582e-03,6.271733436733484268e-03,3.883224129676818848e-01,6.047007441520690918e-01,-1.105909496545791626e-01,-9.358250349760055542e-02,-9.750761389732360840e-01,-4.680791497230529785e-01,9.472758173942565918e-01,-3.180618762969970703e+00,-1.491157412528991699e-01,-8.019933104515075684e-01,1.370912313461303711e+00,3.852935433387756348e-01,-2.664329409599304199e-01,5.904568731784820557e-02,-1.632980555295944214e-01,-4.993605241179466248e-02,9.383125901222229004e-01,-1.105968356132507324e+00,9.352515637874603271e-02,-2.887730896472930908e-01,-8.865019083023071289e-01,-1.581083774566650391e+00,-3.001034355163574219e+01,1.052040219306945801e+00,-2.451136261224746704e-01,-9.711757898330688477e-01,-2.692961454391479492e+00,3.717651128768920898e+00,-1.278096079826354980e+00,-2.007497251033782959e-01,-1.731020212173461914e+00,-1.583700925111770630e-01,2.308885335922241211e+00,3.417345508933067322e-02,-1.187898665666580200e-01,4.505925178527832031e-01,1.358337879180908203e+00,-1.565444350242614746e+00,1.851460218429565430e+00,-1.175061706453561783e-02,-2.372337430715560913e-01
-1.845189034938812256e-01,-6.591573357582092285e-01,-2.776140570640563965e-01,8.605328202247619629e-01,-1.154448557645082474e-02,-5.981601774692535400e-02,-3.199467957019805908e-01,3.276465654373168945e+00,-1.765191704034805298e-01,6.418589949607849121e-01,-7.569992542266845703e-01,-5.616373419761657715e-01,-3.139646053314208984e+00,-1.810679584741592407e-01,2.418151617050170898e+00,5.440645217895507812e+00,-1.067472100257873535e+00,4.447491839528083801e-02,-1.839249283075332642e-01,4.991368204355239868e-02,3.240277767181396484e+00,-2.768790721893310547e-01,-1.970571428537368774e-01,1.187038421630859375e+00,-3.062952756881713867e+00,-6.205971539020538330e-02,7.973588258028030396e-02,3.022452354431152344e+00,7.655528187751770020e-02,-8.231369853019714355e-01,-2.984503470361232758e-02,1.855453252792358398e-01,2.165530920028686523e+00,4.277157485485076904e-01,-4.961156845092773438e-01,-2.819295041263103485e-02,3.056604564189910889e-01,9.276821464300155640e-02,1.419566720724105835e-01,6.490514278411865234e-01,1.734117865562438965e-01,-2.211882472038269043e-01,-2.340044379234313965e-01,-4.576422572135925293e-01,7.389634102582931519e-02,-3.567969322204589844e+00,-2.716663777828216553e-01,-1.000142842531204224e-02,-7.989409565925598145e-02,9.555569291114807129e-01,9.062699079513549805e-01,4.069088101387023926e-01,-6.406918913125991821e-02,-3.069098591804504395e-01,5.685159191489219666e-02,-1.685099750757217407e-01,-2.023188918828964233e-01,-1.586705148220062256e-01,1.875727772712707520e-01,3.342208385467529297e+00,-2.621705532073974609e+00,1.330212950706481934e+00,-2.517234981060028076e-01,-2.518832311034202576e-02
